date,area,area_type,deaths_dc_dod_covid,deaths_dc_dod_influenza,deaths_dc_dod_all_disease
2024-04-27,California,State,0,0,0
2024-04-26,California,State,0,0,1
2024-04-25,California,State,0,1,17
2024-04-24,California,State,0,0,79
2024-04-23,California,State,0,1,163
2024-04-22,California,State,2,0,287
2024-04-21,California,State,0,0,374
2024-04-20,California,State,3,0,350
2024-04-19,California,State,4,0,424
2024-04-18,California,State,4,0,435
2024-04-17,California,State,3,1,540
2024-04-16,California,State,2,0,574
2024-04-15,California,State,3,0,591
2024-04-14,California,State,7,2,616
2024-04-13,California,State,5,0,655
2024-04-12,California,State,2,1,689
2024-04-11,California,State,5,0,711
2024-04-10,California,State,5,0,727
2024-04-09,California,State,6,2,715
2024-04-08,California,State,3,1,731
2024-04-07,California,State,7,1,699
2024-04-06,California,State,2,2,734
2024-04-05,California,State,3,1,715
2024-04-04,California,State,11,0,719
2024-04-03,California,State,5,0,716
2024-04-02,California,State,0,1,772
2024-04-01,California,State,4,0,741
2024-03-31,California,State,7,0,741
2024-03-30,California,State,2,0,717
2024-03-29,California,State,6,0,736
2024-03-28,California,State,2,0,740
2024-03-27,California,State,5,0,710
2024-03-26,California,State,6,1,718
2024-03-25,California,State,10,2,724
2024-03-24,California,State,6,0,705
2024-03-23,California,State,8,0,733
2024-03-22,California,State,11,1,817
2024-03-21,California,State,13,2,760
2024-03-20,California,State,10,3,804
2024-03-19,California,State,7,2,783
2024-03-18,California,State,8,2,832
2024-03-17,California,State,5,2,755
2024-03-16,California,State,8,0,771
2024-03-15,California,State,13,0,825
2024-03-14,California,State,8,1,806
2024-03-13,California,State,9,1,775
2024-03-12,California,State,13,0,758
2024-03-11,California,State,8,1,762
2024-03-10,California,State,14,0,726
2024-03-09,California,State,9,1,779
2024-03-08,California,State,11,0,742
2024-03-07,California,State,7,1,783
2024-03-06,California,State,7,0,723
2024-03-05,California,State,16,2,798
2024-03-04,California,State,12,2,776
2024-03-03,California,State,7,0,749
2024-03-02,California,State,13,0,718
2024-03-01,California,State,13,2,831
2024-02-29,California,State,12,2,739
2024-02-28,California,State,14,1,749
2024-02-27,California,State,19,1,780
2024-02-26,California,State,14,2,759
2024-02-25,California,State,13,4,785
2024-02-24,California,State,10,0,820
2024-02-23,California,State,17,1,801
2024-02-22,California,State,20,2,726
2024-02-21,California,State,14,1,823
2024-02-20,California,State,12,2,846
2024-02-19,California,State,15,0,765
2024-02-18,California,State,11,3,837
2024-02-17,California,State,11,3,805
2024-02-16,California,State,20,4,804
2024-02-15,California,State,20,5,815
2024-02-14,California,State,13,4,843
2024-02-13,California,State,11,4,785
2024-02-12,California,State,10,3,831
2024-02-11,California,State,18,1,796
2024-02-10,California,State,18,1,834
2024-02-09,California,State,23,5,800
2024-02-08,California,State,25,5,840
2024-02-07,California,State,16,2,773
2024-02-06,California,State,19,5,753
2024-02-05,California,State,24,3,839
2024-02-04,California,State,20,2,800
2024-02-03,California,State,25,12,776
2024-02-02,California,State,16,3,772
2024-02-01,California,State,20,3,768
2024-01-31,California,State,13,2,824
2024-01-30,California,State,24,3,820
2024-01-29,California,State,21,3,845
2024-01-28,California,State,24,5,851
2024-01-27,California,State,21,2,819
2024-01-26,California,State,16,5,834
2024-01-25,California,State,26,5,844
2024-01-24,California,State,24,5,831
2024-01-23,California,State,21,3,846
2024-01-22,California,State,20,6,830
2024-01-21,California,State,23,10,865
2024-01-20,California,State,31,7,854
2024-01-19,California,State,38,12,937
2024-01-18,California,State,27,11,882
2024-01-17,California,State,27,7,889
2024-01-16,California,State,20,5,849
2024-01-15,California,State,31,8,863
2024-01-14,California,State,17,9,930
2024-01-13,California,State,29,6,882
2024-01-12,California,State,25,10,886
2024-01-11,California,State,32,8,925
2024-01-10,California,State,30,11,883
2024-01-09,California,State,28,8,877
2024-01-08,California,State,23,13,940
2024-01-07,California,State,25,15,891
2024-01-06,California,State,30,12,922
2024-01-05,California,State,25,13,891
2024-01-04,California,State,33,9,893
2024-01-03,California,State,25,19,881
2024-01-02,California,State,35,15,856
2024-01-01,California,State,37,13,882
2023-12-31,California,State,33,11,879
2023-12-30,California,State,23,9,835
2023-12-29,California,State,33,8,899
2023-12-28,California,State,26,10,920
2023-12-27,California,State,25,7,872
2023-12-26,California,State,28,12,893
2023-12-25,California,State,21,7,798
2023-12-24,California,State,31,7,851
2023-12-23,California,State,27,9,850
2023-12-22,California,State,26,4,896
2023-12-21,California,State,31,5,867
2023-12-20,California,State,23,5,854
2023-12-19,California,State,21,9,956
2023-12-18,California,State,36,8,922
2023-12-17,California,State,26,4,918
2023-12-16,California,State,28,6,878
2023-12-15,California,State,19,5,850
2023-12-14,California,State,28,5,847
2023-12-13,California,State,25,3,840
2023-12-12,California,State,17,6,912
2023-12-11,California,State,20,3,872
2023-12-10,California,State,20,7,848
2023-12-09,California,State,16,5,777
2023-12-08,California,State,28,3,835
2023-12-07,California,State,34,6,837
2023-12-06,California,State,13,0,827
2023-12-05,California,State,22,5,870
2023-12-04,California,State,15,4,845
2023-12-03,California,State,22,4,812
2023-12-02,California,State,20,5,849
2023-12-01,California,State,18,1,838
2023-11-30,California,State,23,6,866
2023-11-29,California,State,23,1,875
2023-11-28,California,State,23,2,834
2023-11-27,California,State,18,4,790
2023-11-26,California,State,25,1,778
2023-11-25,California,State,14,0,788
2023-11-24,California,State,26,2,807
2023-11-23,California,State,10,3,788
2023-11-22,California,State,18,1,824
2023-11-21,California,State,20,5,820
2023-11-20,California,State,21,1,754
2023-11-19,California,State,18,0,811
2023-11-18,California,State,11,0,818
2023-11-17,California,State,11,0,794
2023-11-16,California,State,16,0,801
2023-11-15,California,State,15,0,779
2023-11-14,California,State,19,0,809
2023-11-13,California,State,12,2,799
2023-11-12,California,State,18,3,824
2023-11-11,California,State,8,0,804
2023-11-10,California,State,19,0,785
2023-11-09,California,State,14,1,742
2023-11-08,California,State,11,2,773
2023-11-07,California,State,11,3,777
2023-11-06,California,State,16,4,845
2023-11-05,California,State,8,0,803
2023-11-04,California,State,14,0,816
2023-11-03,California,State,12,0,823
2023-11-02,California,State,12,1,778
2023-11-01,California,State,6,1,780
2023-10-31,California,State,9,0,798
2023-10-30,California,State,16,1,750
2023-10-29,California,State,12,0,748
2023-10-28,California,State,11,1,742
2023-10-27,California,State,13,0,719
2023-10-26,California,State,15,1,779
2023-10-25,California,State,17,1,734
2023-10-24,California,State,15,1,730
2023-10-23,California,State,11,0,760
2023-10-22,California,State,8,0,741
2023-10-21,California,State,20,1,759
2023-10-20,California,State,19,0,788
2023-10-19,California,State,18,0,789
2023-10-18,California,State,10,1,751
2023-10-17,California,State,13,1,727
2023-10-16,California,State,21,0,750
2023-10-15,California,State,10,0,729
2023-10-14,California,State,15,0,784
2023-10-13,California,State,16,0,764
2023-10-12,California,State,11,0,694
2023-10-11,California,State,15,0,770
2023-10-10,California,State,15,1,806
2023-10-09,California,State,10,0,773
2023-10-08,California,State,12,1,792
2023-10-07,California,State,22,0,815
2023-10-06,California,State,15,0,796
2023-10-05,California,State,19,0,783
2023-10-04,California,State,14,1,828
2023-10-03,California,State,24,0,785
2023-10-02,California,State,13,0,679
2023-10-01,California,State,10,0,713
2023-09-30,California,State,20,1,762
2023-09-29,California,State,17,0,718
2023-09-28,California,State,25,0,791
2023-09-27,California,State,19,1,723
2023-09-26,California,State,27,1,802
2023-09-25,California,State,21,0,717
2023-09-24,California,State,13,1,705
2023-09-23,California,State,18,0,740
2023-09-22,California,State,16,0,770
2023-09-21,California,State,21,0,746
2023-09-20,California,State,22,0,734
2023-09-19,California,State,19,0,739
2023-09-18,California,State,20,0,786
2023-09-17,California,State,20,0,714
2023-09-16,California,State,19,0,753
2023-09-15,California,State,23,1,758
2023-09-14,California,State,13,0,719
2023-09-13,California,State,23,0,770
2023-09-12,California,State,22,0,764
2023-09-11,California,State,17,0,745
2023-09-10,California,State,17,0,774
2023-09-09,California,State,17,0,781
2023-09-08,California,State,27,0,752
2023-09-07,California,State,25,0,763
2023-09-06,California,State,21,1,756
2023-09-05,California,State,14,1,767
2023-09-04,California,State,17,1,710
2023-09-03,California,State,12,1,758
2023-09-02,California,State,19,0,765
2023-09-01,California,State,26,1,739
2023-08-31,California,State,14,0,781
2023-08-30,California,State,14,0,760
2023-08-29,California,State,15,0,777
2023-08-28,California,State,21,0,736
2023-08-27,California,State,15,0,778
2023-08-26,California,State,20,0,809
2023-08-25,California,State,18,0,691
2023-08-24,California,State,22,0,751
2023-08-23,California,State,17,0,757
2023-08-22,California,State,11,0,722
2023-08-21,California,State,18,0,699
2023-08-20,California,State,18,2,703
2023-08-19,California,State,14,0,722
2023-08-18,California,State,19,0,763
2023-08-17,California,State,20,2,768
2023-08-16,California,State,13,0,747
2023-08-15,California,State,17,0,721
2023-08-14,California,State,14,0,789
2023-08-13,California,State,16,0,788
2023-08-12,California,State,9,0,802
2023-08-11,California,State,14,0,733
2023-08-10,California,State,9,0,683
2023-08-09,California,State,8,0,731
2023-08-08,California,State,9,1,749
2023-08-07,California,State,11,0,722
2023-08-06,California,State,7,0,769
2023-08-05,California,State,5,0,754
2023-08-04,California,State,12,1,771
2023-08-03,California,State,9,1,688
2023-08-02,California,State,15,1,731
2023-08-01,California,State,11,0,788
2023-07-31,California,State,6,0,701
2023-07-30,California,State,17,0,753
2023-07-29,California,State,12,0,787
2023-07-28,California,State,15,0,780
2023-07-27,California,State,13,0,715
2023-07-26,California,State,9,0,715
2023-07-25,California,State,12,0,693
2023-07-24,California,State,10,0,736
2023-07-23,California,State,13,0,685
2023-07-22,California,State,5,0,778
2023-07-21,California,State,9,0,788
2023-07-20,California,State,4,0,777
2023-07-19,California,State,11,0,733
2023-07-18,California,State,10,0,718
2023-07-17,California,State,11,0,787
2023-07-16,California,State,9,0,727
2023-07-15,California,State,8,0,732
2023-07-14,California,State,6,0,770
2023-07-13,California,State,5,0,725
2023-07-12,California,State,14,0,763
2023-07-11,California,State,9,0,744
2023-07-10,California,State,9,0,736
2023-07-09,California,State,11,0,791
2023-07-08,California,State,13,0,757
2023-07-07,California,State,5,0,746
2023-07-06,California,State,5,0,706
2023-07-05,California,State,6,0,699
2023-07-04,California,State,11,0,717
2023-07-03,California,State,5,0,765
2023-07-02,California,State,9,1,735
2023-07-01,California,State,10,0,761
2023-06-30,California,State,9,0,801
2023-06-29,California,State,9,1,744
2023-06-28,California,State,14,1,735
2023-06-27,California,State,7,1,743
2023-06-26,California,State,8,0,717
2023-06-25,California,State,4,0,736
2023-06-24,California,State,14,0,764
2023-06-23,California,State,13,1,752
2023-06-22,California,State,6,1,764
2023-06-21,California,State,15,0,748
2023-06-20,California,State,9,0,774
2023-06-19,California,State,13,1,675
2023-06-18,California,State,8,0,746
2023-06-17,California,State,13,0,796
2023-06-16,California,State,6,0,753
2023-06-15,California,State,8,0,745
2023-06-14,California,State,16,0,715
2023-06-13,California,State,6,0,732
2023-06-12,California,State,8,1,781
2023-06-11,California,State,7,0,710
2023-06-10,California,State,12,0,779
2023-06-09,California,State,8,0,730
2023-06-08,California,State,11,0,745
2023-06-07,California,State,12,0,772
2023-06-06,California,State,11,0,800
2023-06-05,California,State,10,2,756
2023-06-04,California,State,9,0,776
2023-06-03,California,State,15,0,811
2023-06-02,California,State,11,0,758
2023-06-01,California,State,9,0,734
2023-05-31,California,State,13,0,740
2023-05-30,California,State,12,0,740
2023-05-29,California,State,17,1,730
2023-05-28,California,State,6,0,753
2023-05-27,California,State,14,0,760
2023-05-26,California,State,15,0,693
2023-05-25,California,State,7,0,731
2023-05-24,California,State,13,0,768
2023-05-23,California,State,12,0,742
2023-05-22,California,State,16,0,751
2023-05-21,California,State,19,0,748
2023-05-20,California,State,8,0,759
2023-05-19,California,State,7,0,714
2023-05-18,California,State,14,1,763
2023-05-17,California,State,8,0,777
2023-05-16,California,State,12,0,810
2023-05-15,California,State,12,0,760
2023-05-14,California,State,7,0,783
2023-05-13,California,State,16,0,864
2023-05-12,California,State,11,0,712
2023-05-11,California,State,11,0,749
2023-05-10,California,State,14,0,759
2023-05-09,California,State,12,1,755
2023-05-08,California,State,13,0,776
2023-05-07,California,State,20,1,779
2023-05-06,California,State,12,1,758
2023-05-05,California,State,12,1,769
2023-05-04,California,State,10,0,765
2023-05-03,California,State,14,0,693
2023-05-02,California,State,13,1,786
2023-05-01,California,State,11,0,763
2023-04-30,California,State,12,0,772
2023-04-29,California,State,10,0,755
2023-04-28,California,State,6,0,813
2023-04-27,California,State,16,1,776
2023-04-26,California,State,10,0,800
2023-04-25,California,State,23,1,770
2023-04-24,California,State,17,0,808
2023-04-23,California,State,18,0,830
2023-04-22,California,State,18,2,858
2023-04-21,California,State,19,1,849
2023-04-20,California,State,17,0,750
2023-04-19,California,State,25,0,805
2023-04-18,California,State,11,1,812
2023-04-17,California,State,20,0,831
2023-04-16,California,State,17,1,752
2023-04-15,California,State,16,0,761
2023-04-14,California,State,12,0,752
2023-04-13,California,State,17,0,789
2023-04-12,California,State,22,0,763
2023-04-11,California,State,21,0,859
2023-04-10,California,State,12,0,838
2023-04-09,California,State,21,1,856
2023-04-08,California,State,17,0,826
2023-04-07,California,State,12,0,789
2023-04-06,California,State,21,0,807
2023-04-05,California,State,17,0,809
2023-04-04,California,State,17,0,769
2023-04-03,California,State,21,1,794
2023-04-02,California,State,19,0,842
2023-04-01,California,State,12,0,810
2023-03-31,California,State,18,0,821
2023-03-30,California,State,20,0,793
2023-03-29,California,State,22,0,843
2023-03-28,California,State,20,0,801
2023-03-27,California,State,15,1,795
2023-03-26,California,State,21,0,789
2023-03-25,California,State,20,0,765
2023-03-24,California,State,15,1,798
2023-03-23,California,State,13,1,753
2023-03-22,California,State,21,1,809
2023-03-21,California,State,21,1,803
2023-03-20,California,State,30,0,791
2023-03-19,California,State,17,0,844
2023-03-18,California,State,25,0,914
2023-03-17,California,State,18,0,834
2023-03-16,California,State,23,0,868
2023-03-15,California,State,23,2,861
2023-03-14,California,State,26,0,840
2023-03-13,California,State,27,0,874
2023-03-12,California,State,17,3,851
2023-03-11,California,State,24,1,870
2023-03-10,California,State,38,0,886
2023-03-09,California,State,34,0,881
2023-03-08,California,State,33,0,873
2023-03-07,California,State,27,1,851
2023-03-06,California,State,25,0,867
2023-03-05,California,State,24,1,866
2023-03-04,California,State,32,1,885
2023-03-03,California,State,19,1,909
2023-03-02,California,State,34,0,894
2023-03-01,California,State,27,0,903
2023-02-28,California,State,31,0,889
2023-02-27,California,State,31,1,859
2023-02-26,California,State,27,0,857
2023-02-25,California,State,21,0,899
2023-02-24,California,State,31,0,875
2023-02-23,California,State,23,2,852
2023-02-22,California,State,30,0,852
2023-02-21,California,State,27,0,914
2023-02-20,California,State,25,2,898
2023-02-19,California,State,36,0,852
2023-02-18,California,State,33,0,891
2023-02-17,California,State,29,1,890
2023-02-16,California,State,19,0,824
2023-02-15,California,State,30,1,842
2023-02-14,California,State,23,2,834
2023-02-13,California,State,24,0,856
2023-02-12,California,State,22,1,826
2023-02-11,California,State,28,1,923
2023-02-10,California,State,28,1,883
2023-02-09,California,State,26,0,848
2023-02-08,California,State,21,0,884
2023-02-07,California,State,25,0,842
2023-02-06,California,State,28,0,863
2023-02-05,California,State,27,0,842
2023-02-04,California,State,27,0,854
2023-02-03,California,State,22,1,926
2023-02-02,California,State,28,0,838
2023-02-01,California,State,31,2,865
2023-01-31,California,State,27,3,928
2023-01-30,California,State,17,0,863
2023-01-29,California,State,32,0,850
2023-01-28,California,State,32,3,884
2023-01-27,California,State,24,0,884
2023-01-26,California,State,44,1,918
2023-01-25,California,State,34,0,874
2023-01-24,California,State,46,1,861
2023-01-23,California,State,35,0,875
2023-01-22,California,State,29,1,838
2023-01-21,California,State,27,0,864
2023-01-20,California,State,34,2,848
2023-01-19,California,State,31,1,835
2023-01-18,California,State,36,2,785
2023-01-17,California,State,41,3,872
2023-01-16,California,State,45,3,897
2023-01-15,California,State,45,5,851
2023-01-14,California,State,55,7,900
2023-01-13,California,State,52,2,864
2023-01-12,California,State,52,4,914
2023-01-11,California,State,38,9,905
2023-01-10,California,State,60,6,901
2023-01-09,California,State,52,6,934
2023-01-08,California,State,38,9,895
2023-01-07,California,State,47,5,924
2023-01-06,California,State,67,9,946
2023-01-05,California,State,50,9,990
2023-01-04,California,State,67,7,966
2023-01-03,California,State,58,7,997
2023-01-02,California,State,55,11,886
2023-01-01,California,State,52,8,945
2022-12-31,California,State,43,8,937
2022-12-30,California,State,68,12,967
2022-12-29,California,State,54,11,935
2022-12-28,California,State,54,10,882
2022-12-27,California,State,63,5,972
2022-12-26,California,State,57,12,1003
2022-12-25,California,State,65,7,895
2022-12-24,California,State,54,10,953
2022-12-23,California,State,68,11,1004
2022-12-22,California,State,46,7,968
2022-12-21,California,State,65,10,952
2022-12-20,California,State,61,14,986
2022-12-19,California,State,53,10,984
2022-12-18,California,State,55,15,994
2022-12-17,California,State,48,8,964
2022-12-16,California,State,45,7,903
2022-12-15,California,State,33,8,901
2022-12-14,California,State,51,12,911
2022-12-13,California,State,45,14,976
2022-12-12,California,State,55,19,972
2022-12-11,California,State,54,18,955
2022-12-10,California,State,55,16,959
2022-12-09,California,State,41,15,911
2022-12-08,California,State,50,20,942
2022-12-07,California,State,49,11,958
2022-12-06,California,State,51,12,925
2022-12-05,California,State,41,8,965
2022-12-04,California,State,45,13,979
2022-12-03,California,State,41,19,1043
2022-12-02,California,State,37,17,949
2022-12-01,California,State,25,16,953
2022-11-30,California,State,30,12,902
2022-11-29,California,State,29,11,887
2022-11-28,California,State,33,11,924
2022-11-27,California,State,38,5,922
2022-11-26,California,State,29,6,831
2022-11-25,California,State,32,8,903
2022-11-24,California,State,21,11,871
2022-11-23,California,State,34,7,931
2022-11-22,California,State,24,2,896
2022-11-21,California,State,17,3,904
2022-11-20,California,State,21,10,827
2022-11-19,California,State,28,5,881
2022-11-18,California,State,21,2,882
2022-11-17,California,State,18,4,848
2022-11-16,California,State,25,2,863
2022-11-15,California,State,26,4,793
2022-11-14,California,State,20,1,821
2022-11-13,California,State,15,0,852
2022-11-12,California,State,12,2,798
2022-11-11,California,State,20,1,796
2022-11-10,California,State,20,4,820
2022-11-09,California,State,18,5,777
2022-11-08,California,State,13,2,764
2022-11-07,California,State,16,4,856
2022-11-06,California,State,21,0,882
2022-11-05,California,State,14,1,856
2022-11-04,California,State,26,0,775
2022-11-03,California,State,24,0,795
2022-11-02,California,State,15,2,815
2022-11-01,California,State,18,1,827
2022-10-31,California,State,17,1,781
2022-10-30,California,State,9,1,769
2022-10-29,California,State,16,3,781
2022-10-28,California,State,18,0,788
2022-10-27,California,State,23,1,844
2022-10-26,California,State,11,0,798
2022-10-25,California,State,22,0,768
2022-10-24,California,State,15,1,750
2022-10-23,California,State,17,1,724
2022-10-22,California,State,17,0,683
2022-10-21,California,State,21,0,766
2022-10-20,California,State,15,1,777
2022-10-19,California,State,16,0,787
2022-10-18,California,State,18,1,747
2022-10-17,California,State,13,0,718
2022-10-16,California,State,13,0,752
2022-10-15,California,State,15,1,752
2022-10-14,California,State,21,0,742
2022-10-13,California,State,19,0,729
2022-10-12,California,State,20,2,755
2022-10-11,California,State,18,0,771
2022-10-10,California,State,18,1,788
2022-10-09,California,State,19,0,691
2022-10-08,California,State,20,0,810
2022-10-07,California,State,23,0,741
2022-10-06,California,State,19,0,763
2022-10-05,California,State,19,1,771
2022-10-04,California,State,26,1,779
2022-10-03,California,State,15,0,761
2022-10-02,California,State,21,1,735
2022-10-01,California,State,23,1,764
2022-09-30,California,State,18,0,774
2022-09-29,California,State,25,0,770
2022-09-28,California,State,24,0,789
2022-09-27,California,State,25,0,805
2022-09-26,California,State,23,0,793
2022-09-25,California,State,32,1,733
2022-09-24,California,State,20,1,821
2022-09-23,California,State,30,0,778
2022-09-22,California,State,22,0,722
2022-09-21,California,State,24,1,792
2022-09-20,California,State,21,0,801
2022-09-19,California,State,26,0,759
2022-09-18,California,State,32,0,767
2022-09-17,California,State,24,0,743
2022-09-16,California,State,21,0,777
2022-09-15,California,State,32,0,749
2022-09-14,California,State,23,0,753
2022-09-13,California,State,26,0,778
2022-09-12,California,State,34,0,823
2022-09-11,California,State,24,0,846
2022-09-10,California,State,29,0,756
2022-09-09,California,State,38,1,873
2022-09-08,California,State,32,0,791
2022-09-07,California,State,34,0,884
2022-09-06,California,State,34,0,869
2022-09-05,California,State,33,1,827
2022-09-04,California,State,35,0,868
2022-09-03,California,State,37,0,862
2022-09-02,California,State,38,0,820
2022-09-01,California,State,28,0,795
2022-08-31,California,State,41,0,765
2022-08-30,California,State,39,0,746
2022-08-29,California,State,29,1,741
2022-08-28,California,State,35,0,751
2022-08-27,California,State,24,0,738
2022-08-26,California,State,39,0,787
2022-08-25,California,State,32,0,754
2022-08-24,California,State,33,0,719
2022-08-23,California,State,27,0,794
2022-08-22,California,State,43,0,757
2022-08-21,California,State,37,0,825
2022-08-20,California,State,44,0,816
2022-08-19,California,State,43,0,793
2022-08-18,California,State,40,1,749
2022-08-17,California,State,39,0,796
2022-08-16,California,State,47,0,847
2022-08-15,California,State,36,0,848
2022-08-14,California,State,51,0,842
2022-08-13,California,State,32,0,776
2022-08-12,California,State,56,0,866
2022-08-11,California,State,41,0,792
2022-08-10,California,State,43,0,798
2022-08-09,California,State,47,0,789
2022-08-08,California,State,47,0,810
2022-08-07,California,State,39,1,782
2022-08-06,California,State,41,0,819
2022-08-05,California,State,67,0,819
2022-08-04,California,State,49,0,838
2022-08-03,California,State,55,0,845
2022-08-02,California,State,42,1,835
2022-08-01,California,State,52,0,823
2022-07-31,California,State,53,0,811
2022-07-30,California,State,50,0,760
2022-07-29,California,State,41,1,826
2022-07-28,California,State,54,0,799
2022-07-27,California,State,57,0,799
2022-07-26,California,State,56,0,824
2022-07-25,California,State,69,0,807
2022-07-24,California,State,48,0,750
2022-07-23,California,State,36,1,782
2022-07-22,California,State,50,0,854
2022-07-21,California,State,44,0,806
2022-07-20,California,State,64,0,797
2022-07-19,California,State,54,0,823
2022-07-18,California,State,44,0,827
2022-07-17,California,State,49,1,878
2022-07-16,California,State,40,0,817
2022-07-15,California,State,42,0,794
2022-07-14,California,State,37,0,776
2022-07-13,California,State,35,0,773
2022-07-12,California,State,50,1,762
2022-07-11,California,State,39,1,780
2022-07-10,California,State,41,0,773
2022-07-09,California,State,48,0,842
2022-07-08,California,State,57,2,786
2022-07-07,California,State,36,2,778
2022-07-06,California,State,44,0,820
2022-07-05,California,State,33,2,805
2022-07-04,California,State,43,0,790
2022-07-03,California,State,45,0,778
2022-07-02,California,State,49,0,823
2022-07-01,California,State,37,0,809
2022-06-30,California,State,35,1,752
2022-06-29,California,State,32,0,785
2022-06-28,California,State,30,2,798
2022-06-27,California,State,29,0,782
2022-06-26,California,State,31,0,778
2022-06-25,California,State,21,1,769
2022-06-24,California,State,34,2,803
2022-06-23,California,State,37,0,787
2022-06-22,California,State,39,0,836
2022-06-21,California,State,30,2,775
2022-06-20,California,State,29,1,792
2022-06-19,California,State,30,0,763
2022-06-18,California,State,31,4,772
2022-06-17,California,State,37,2,770
2022-06-16,California,State,35,2,749
2022-06-15,California,State,27,6,757
2022-06-14,California,State,23,0,726
2022-06-13,California,State,19,4,781
2022-06-12,California,State,28,4,790
2022-06-11,California,State,29,1,800
2022-06-10,California,State,31,2,791
2022-06-09,California,State,29,2,773
2022-06-08,California,State,22,2,774
2022-06-07,California,State,21,2,786
2022-06-06,California,State,25,0,815
2022-06-05,California,State,19,4,807
2022-06-04,California,State,19,1,795
2022-06-03,California,State,20,2,821
2022-06-02,California,State,22,1,755
2022-06-01,California,State,20,3,797
2022-05-31,California,State,14,2,766
2022-05-30,California,State,22,2,772
2022-05-29,California,State,28,1,777
2022-05-28,California,State,23,0,765
2022-05-27,California,State,20,1,744
2022-05-26,California,State,13,2,777
2022-05-25,California,State,21,1,810
2022-05-24,California,State,27,0,808
2022-05-23,California,State,13,1,817
2022-05-22,California,State,15,2,771
2022-05-21,California,State,21,1,756
2022-05-20,California,State,18,1,768
2022-05-19,California,State,18,0,771
2022-05-18,California,State,18,1,776
2022-05-17,California,State,15,0,766
2022-05-16,California,State,11,0,732
2022-05-15,California,State,26,1,778
2022-05-14,California,State,17,0,791
2022-05-13,California,State,21,0,843
2022-05-12,California,State,12,1,758
2022-05-11,California,State,12,0,717
2022-05-10,California,State,22,0,740
2022-05-09,California,State,12,1,722
2022-05-08,California,State,18,1,718
2022-05-07,California,State,10,0,716
2022-05-06,California,State,13,2,790
2022-05-05,California,State,6,0,727
2022-05-04,California,State,13,0,765
2022-05-03,California,State,11,1,788
2022-05-02,California,State,12,0,726
2022-05-01,California,State,10,1,759
2022-04-30,California,State,15,0,766
2022-04-29,California,State,15,0,773
2022-04-28,California,State,10,0,724
2022-04-27,California,State,14,0,806
2022-04-26,California,State,9,0,805
2022-04-25,California,State,17,0,793
2022-04-24,California,State,17,0,747
2022-04-23,California,State,12,0,740
2022-04-22,California,State,12,1,741
2022-04-21,California,State,10,0,744
2022-04-20,California,State,15,1,725
2022-04-19,California,State,10,1,770
2022-04-18,California,State,15,0,765
2022-04-17,California,State,16,0,708
2022-04-16,California,State,14,0,849
2022-04-15,California,State,22,0,859
2022-04-14,California,State,17,1,750
2022-04-13,California,State,16,0,701
2022-04-12,California,State,13,0,703
2022-04-11,California,State,21,1,724
2022-04-10,California,State,10,0,761
2022-04-09,California,State,9,0,761
2022-04-08,California,State,17,0,785
2022-04-07,California,State,19,1,768
2022-04-06,California,State,24,1,801
2022-04-05,California,State,25,0,780
2022-04-04,California,State,20,0,756
2022-04-03,California,State,17,0,750
2022-04-02,California,State,20,0,750
2022-04-01,California,State,18,0,764
2022-03-31,California,State,24,0,767
2022-03-30,California,State,23,1,712
2022-03-29,California,State,23,1,736
2022-03-28,California,State,25,0,751
2022-03-27,California,State,24,0,776
2022-03-26,California,State,28,1,774
2022-03-25,California,State,36,0,740
2022-03-24,California,State,20,0,805
2022-03-23,California,State,24,1,813
2022-03-22,California,State,27,0,790
2022-03-21,California,State,39,0,790
2022-03-20,California,State,39,0,817
2022-03-19,California,State,24,0,778
2022-03-18,California,State,35,1,823
2022-03-17,California,State,45,0,795
2022-03-16,California,State,34,0,821
2022-03-15,California,State,37,0,836
2022-03-14,California,State,36,0,828
2022-03-13,California,State,42,0,795
2022-03-12,California,State,43,0,752
2022-03-11,California,State,54,0,837
2022-03-10,California,State,64,0,860
2022-03-09,California,State,61,0,865
2022-03-08,California,State,63,0,835
2022-03-07,California,State,63,0,783
2022-03-06,California,State,64,0,881
2022-03-05,California,State,68,0,812
2022-03-04,California,State,61,0,844
2022-03-03,California,State,87,0,865
2022-03-02,California,State,69,0,887
2022-03-01,California,State,90,1,930
2022-02-28,California,State,88,0,882
2022-02-27,California,State,81,0,904
2022-02-26,California,State,91,0,857
2022-02-25,California,State,110,0,958
2022-02-24,California,State,89,0,810
2022-02-23,California,State,121,0,932
2022-02-22,California,State,121,0,916
2022-02-21,California,State,128,0,923
2022-02-20,California,State,146,0,928
2022-02-19,California,State,111,0,944
2022-02-18,California,State,147,0,924
2022-02-17,California,State,176,0,989
2022-02-16,California,State,157,0,944
2022-02-15,California,State,149,0,964
2022-02-14,California,State,174,0,991
2022-02-13,California,State,183,2,1019
2022-02-12,California,State,184,0,1055
2022-02-11,California,State,211,1,1092
2022-02-10,California,State,201,1,1096
2022-02-09,California,State,235,0,1057
2022-02-08,California,State,252,1,1125
2022-02-07,California,State,231,1,1124
2022-02-06,California,State,218,1,1072
2022-02-05,California,State,245,0,1104
2022-02-04,California,State,282,3,1118
2022-02-03,California,State,243,0,1094
2022-02-02,California,State,272,0,1145
2022-02-01,California,State,292,1,1141
2022-01-31,California,State,275,0,1097
2022-01-30,California,State,284,1,1098
2022-01-29,California,State,289,0,1162
2022-01-28,California,State,264,0,1129
2022-01-27,California,State,276,0,1130
2022-01-26,California,State,258,0,1120
2022-01-25,California,State,266,1,1186
2022-01-24,California,State,228,0,1140
2022-01-23,California,State,273,1,1134
2022-01-22,California,State,258,0,1159
2022-01-21,California,State,268,0,1188
2022-01-20,California,State,249,0,1193
2022-01-19,California,State,262,1,1153
2022-01-18,California,State,240,3,1099
2022-01-17,California,State,221,0,1159
2022-01-16,California,State,228,1,1135
2022-01-15,California,State,221,3,1148
2022-01-14,California,State,194,1,1131
2022-01-13,California,State,195,2,1128
2022-01-12,California,State,200,0,1190
2022-01-11,California,State,176,0,1125
2022-01-10,California,State,157,0,1112
2022-01-09,California,State,127,0,1000
2022-01-08,California,State,150,0,1089
2022-01-07,California,State,130,2,1058
2022-01-06,California,State,134,1,1045
2022-01-05,California,State,141,1,1097
2022-01-04,California,State,108,0,1019
2022-01-03,California,State,114,1,1002
2022-01-02,California,State,85,0,951
2022-01-01,California,State,98,0,982
2021-12-31,California,State,88,1,1007
2021-12-30,California,State,70,0,984
2021-12-29,California,State,81,0,991
2021-12-28,California,State,59,0,924
2021-12-27,California,State,87,1,920
2021-12-26,California,State,65,0,900
2021-12-25,California,State,69,0,922
2021-12-24,California,State,72,2,947
2021-12-23,California,State,75,0,903
2021-12-22,California,State,61,0,913
2021-12-21,California,State,68,0,965
2021-12-20,California,State,70,1,973
2021-12-19,California,State,76,0,879
2021-12-18,California,State,65,0,944
2021-12-17,California,State,68,0,909
2021-12-16,California,State,82,0,887
2021-12-15,California,State,72,0,977
2021-12-14,California,State,70,0,924
2021-12-13,California,State,69,0,937
2021-12-12,California,State,59,0,908
2021-12-11,California,State,64,0,879
2021-12-10,California,State,57,0,841
2021-12-09,California,State,65,1,877
2021-12-08,California,State,59,0,859
2021-12-07,California,State,72,0,883
2021-12-06,California,State,52,1,886
2021-12-05,California,State,65,1,897
2021-12-04,California,State,76,0,900
2021-12-03,California,State,68,1,847
2021-12-02,California,State,70,0,876
2021-12-01,California,State,70,0,888
2021-11-30,California,State,63,0,839
2021-11-29,California,State,77,0,848
2021-11-28,California,State,53,0,805
2021-11-27,California,State,57,0,844
2021-11-26,California,State,64,0,817
2021-11-25,California,State,59,0,822
2021-11-24,California,State,64,0,835
2021-11-23,California,State,80,0,875
2021-11-22,California,State,77,0,867
2021-11-21,California,State,78,0,832
2021-11-20,California,State,66,0,868
2021-11-19,California,State,85,0,906
2021-11-18,California,State,71,0,833
2021-11-17,California,State,85,0,888
2021-11-16,California,State,63,0,815
2021-11-15,California,State,84,0,870
2021-11-14,California,State,77,0,789
2021-11-13,California,State,68,0,829
2021-11-12,California,State,76,0,895
2021-11-11,California,State,86,0,828
2021-11-10,California,State,72,0,845
2021-11-09,California,State,90,1,894
2021-11-08,California,State,76,1,837
2021-11-07,California,State,92,0,845
2021-11-06,California,State,80,0,821
2021-11-05,California,State,73,0,824
2021-11-04,California,State,70,0,861
2021-11-03,California,State,75,0,902
2021-11-02,California,State,75,0,851
2021-11-01,California,State,79,0,821
2021-10-31,California,State,67,0,857
2021-10-30,California,State,81,0,856
2021-10-29,California,State,74,0,877
2021-10-28,California,State,78,0,852
2021-10-27,California,State,69,0,867
2021-10-26,California,State,71,0,801
2021-10-25,California,State,68,0,875
2021-10-24,California,State,68,0,860
2021-10-23,California,State,73,1,834
2021-10-22,California,State,83,0,884
2021-10-21,California,State,109,0,949
2021-10-20,California,State,69,0,905
2021-10-19,California,State,70,0,859
2021-10-18,California,State,71,0,894
2021-10-17,California,State,77,0,860
2021-10-16,California,State,79,0,924
2021-10-15,California,State,68,0,868
2021-10-14,California,State,72,0,836
2021-10-13,California,State,68,0,810
2021-10-12,California,State,72,1,817
2021-10-11,California,State,74,0,795
2021-10-10,California,State,82,0,866
2021-10-09,California,State,77,0,856
2021-10-08,California,State,85,0,810
2021-10-07,California,State,101,0,853
2021-10-06,California,State,113,0,837
2021-10-05,California,State,107,0,901
2021-10-04,California,State,86,0,882
2021-10-03,California,State,87,0,865
2021-10-02,California,State,123,0,937
2021-10-01,California,State,98,0,902
2021-09-30,California,State,92,0,851
2021-09-29,California,State,110,0,832
2021-09-28,California,State,107,0,852
2021-09-27,California,State,104,0,835
2021-09-26,California,State,101,0,847
2021-09-25,California,State,126,0,885
2021-09-24,California,State,113,0,858
2021-09-23,California,State,128,0,890
2021-09-22,California,State,135,0,917
2021-09-21,California,State,102,0,902
2021-09-20,California,State,123,0,914
2021-09-19,California,State,100,0,881
2021-09-18,California,State,131,0,842
2021-09-17,California,State,130,1,891
2021-09-16,California,State,131,0,916
2021-09-15,California,State,131,1,859
2021-09-14,California,State,119,0,871
2021-09-13,California,State,143,0,960
2021-09-12,California,State,120,0,861
2021-09-11,California,State,129,0,872
2021-09-10,California,State,152,0,934
2021-09-09,California,State,143,0,1020
2021-09-08,California,State,136,0,929
2021-09-07,California,State,135,0,874
2021-09-06,California,State,141,0,926
2021-09-05,California,State,152,0,962
2021-09-04,California,State,118,0,938
2021-09-03,California,State,147,0,933
2021-09-02,California,State,157,0,898
2021-09-01,California,State,133,0,910
2021-08-31,California,State,140,0,908
2021-08-30,California,State,124,0,899
2021-08-29,California,State,118,0,846
2021-08-28,California,State,148,0,938
2021-08-27,California,State,129,0,867
2021-08-26,California,State,138,0,951
2021-08-25,California,State,130,0,888
2021-08-24,California,State,130,0,876
2021-08-23,California,State,116,0,877
2021-08-22,California,State,108,0,843
2021-08-21,California,State,118,0,862
2021-08-20,California,State,107,0,884
2021-08-19,California,State,113,0,895
2021-08-18,California,State,106,0,839
2021-08-17,California,State,119,0,925
2021-08-16,California,State,121,1,922
2021-08-15,California,State,78,0,843
2021-08-14,California,State,92,0,823
2021-08-13,California,State,121,0,867
2021-08-12,California,State,90,0,906
2021-08-11,California,State,78,0,855
2021-08-10,California,State,78,0,881
2021-08-09,California,State,75,0,844
2021-08-08,California,State,72,0,786
2021-08-07,California,State,61,0,822
2021-08-06,California,State,61,0,815
2021-08-05,California,State,54,0,783
2021-08-04,California,State,53,0,823
2021-08-03,California,State,58,0,743
2021-08-02,California,State,59,0,828
2021-08-01,California,State,39,0,814
2021-07-31,California,State,53,0,791
2021-07-30,California,State,32,0,759
2021-07-29,California,State,40,0,728
2021-07-28,California,State,35,0,809
2021-07-27,California,State,36,0,794
2021-07-26,California,State,27,0,777
2021-07-25,California,State,31,0,763
2021-07-24,California,State,25,0,784
2021-07-23,California,State,39,0,803
2021-07-22,California,State,34,0,776
2021-07-21,California,State,23,0,747
2021-07-20,California,State,30,0,774
2021-07-19,California,State,27,0,733
2021-07-18,California,State,13,0,711
2021-07-17,California,State,23,0,727
2021-07-16,California,State,19,0,742
2021-07-15,California,State,20,0,694
2021-07-14,California,State,14,0,749
2021-07-13,California,State,20,0,756
2021-07-12,California,State,18,2,764
2021-07-11,California,State,16,0,777
2021-07-10,California,State,18,0,722
2021-07-09,California,State,20,0,819
2021-07-08,California,State,15,0,743
2021-07-07,California,State,16,0,723
2021-07-06,California,State,14,0,730
2021-07-05,California,State,14,0,719
2021-07-04,California,State,6,0,737
2021-07-03,California,State,12,0,694
2021-07-02,California,State,14,0,779
2021-07-01,California,State,14,0,737
2021-06-30,California,State,18,0,701
2021-06-29,California,State,12,0,703
2021-06-28,California,State,14,0,805
2021-06-27,California,State,10,0,744
2021-06-26,California,State,17,0,796
2021-06-25,California,State,11,0,753
2021-06-24,California,State,11,0,725
2021-06-23,California,State,7,0,751
2021-06-22,California,State,13,0,713
2021-06-21,California,State,11,0,760
2021-06-20,California,State,8,0,792
2021-06-19,California,State,8,0,710
2021-06-18,California,State,11,0,825
2021-06-17,California,State,11,0,829
2021-06-16,California,State,10,0,725
2021-06-15,California,State,14,0,782
2021-06-14,California,State,14,0,743
2021-06-13,California,State,12,0,764
2021-06-12,California,State,10,0,776
2021-06-11,California,State,12,0,709
2021-06-10,California,State,15,0,719
2021-06-09,California,State,7,0,671
2021-06-08,California,State,13,0,756
2021-06-07,California,State,12,0,733
2021-06-06,California,State,13,0,738
2021-06-05,California,State,12,0,738
2021-06-04,California,State,14,0,736
2021-06-03,California,State,12,0,718
2021-06-02,California,State,18,0,748
2021-06-01,California,State,13,0,719
2021-05-31,California,State,15,0,706
2021-05-30,California,State,10,0,769
2021-05-29,California,State,24,0,686
2021-05-28,California,State,12,0,732
2021-05-27,California,State,19,0,708
2021-05-26,California,State,18,0,803
2021-05-25,California,State,15,0,783
2021-05-24,California,State,25,0,825
2021-05-23,California,State,22,0,727
2021-05-22,California,State,13,0,780
2021-05-21,California,State,17,0,708
2021-05-20,California,State,20,0,732
2021-05-19,California,State,28,0,799
2021-05-18,California,State,17,0,722
2021-05-17,California,State,16,0,732
2021-05-16,California,State,15,0,714
2021-05-15,California,State,16,0,735
2021-05-14,California,State,19,0,748
2021-05-13,California,State,26,0,751
2021-05-12,California,State,33,0,727
2021-05-11,California,State,29,0,747
2021-05-10,California,State,11,0,734
2021-05-09,California,State,24,1,749
2021-05-08,California,State,19,0,725
2021-05-07,California,State,25,0,695
2021-05-06,California,State,30,1,752
2021-05-05,California,State,20,0,775
2021-05-04,California,State,24,0,833
2021-05-03,California,State,25,0,735
2021-05-02,California,State,19,0,776
2021-05-01,California,State,19,0,748
2021-04-30,California,State,18,0,755
2021-04-29,California,State,25,0,778
2021-04-28,California,State,16,0,758
2021-04-27,California,State,31,0,790
2021-04-26,California,State,26,0,739
2021-04-25,California,State,25,0,735
2021-04-24,California,State,25,0,757
2021-04-23,California,State,24,0,739
2021-04-22,California,State,20,0,752
2021-04-21,California,State,34,0,768
2021-04-20,California,State,25,0,766
2021-04-19,California,State,34,0,764
2021-04-18,California,State,29,0,748
2021-04-17,California,State,28,0,804
2021-04-16,California,State,26,0,711
2021-04-15,California,State,30,0,749
2021-04-14,California,State,39,0,747
2021-04-13,California,State,31,0,752
2021-04-12,California,State,32,0,739
2021-04-11,California,State,32,0,762
2021-04-10,California,State,37,0,761
2021-04-09,California,State,38,0,795
2021-04-08,California,State,37,0,795
2021-04-07,California,State,39,0,746
2021-04-06,California,State,22,0,766
2021-04-05,California,State,40,0,755
2021-04-04,California,State,39,0,747
2021-04-03,California,State,29,0,808
2021-04-02,California,State,34,1,798
2021-04-01,California,State,40,0,841
2021-03-31,California,State,49,1,805
2021-03-30,California,State,39,0,792
2021-03-29,California,State,44,0,840
2021-03-28,California,State,30,1,783
2021-03-27,California,State,49,0,782
2021-03-26,California,State,56,0,805
2021-03-25,California,State,58,0,844
2021-03-24,California,State,57,0,784
2021-03-23,California,State,39,0,839
2021-03-22,California,State,52,1,848
2021-03-21,California,State,51,0,802
2021-03-20,California,State,78,0,853
2021-03-19,California,State,55,0,852
2021-03-18,California,State,79,0,852
2021-03-17,California,State,82,0,894
2021-03-16,California,State,72,0,844
2021-03-15,California,State,58,0,824
2021-03-14,California,State,62,0,797
2021-03-13,California,State,77,0,865
2021-03-12,California,State,86,0,913
2021-03-11,California,State,86,0,870
2021-03-10,California,State,89,0,900
2021-03-09,California,State,94,0,821
2021-03-08,California,State,99,0,878
2021-03-07,California,State,88,0,881
2021-03-06,California,State,104,0,862
2021-03-05,California,State,108,0,918
2021-03-04,California,State,119,0,904
2021-03-03,California,State,119,0,881
2021-03-02,California,State,133,1,915
2021-03-01,California,State,126,1,936
2021-02-28,California,State,159,1,928
2021-02-27,California,State,163,1,944
2021-02-26,California,State,156,0,957
2021-02-25,California,State,160,0,891
2021-02-24,California,State,167,1,967
2021-02-23,California,State,166,0,984
2021-02-22,California,State,192,0,959
2021-02-21,California,State,190,0,928
2021-02-20,California,State,196,2,935
2021-02-19,California,State,245,0,1008
2021-02-18,California,State,228,0,978
2021-02-17,California,State,237,0,1020
2021-02-16,California,State,243,0,1011
2021-02-15,California,State,244,0,1021
2021-02-14,California,State,243,0,968
2021-02-13,California,State,250,1,1039
2021-02-12,California,State,296,0,1061
2021-02-11,California,State,330,0,1099
2021-02-10,California,State,327,0,1149
2021-02-09,California,State,320,0,1136
2021-02-08,California,State,336,0,1163
2021-02-07,California,State,317,0,1127
2021-02-06,California,State,313,0,1132
2021-02-05,California,State,406,1,1260
2021-02-04,California,State,369,1,1217
2021-02-03,California,State,386,1,1183
2021-02-02,California,State,401,0,1240
2021-02-01,California,State,481,2,1378
2021-01-31,California,State,416,1,1263
2021-01-30,California,State,438,0,1310
2021-01-29,California,State,458,1,1348
2021-01-28,California,State,468,1,1344
2021-01-27,California,State,462,0,1404
2021-01-26,California,State,499,4,1367
2021-01-25,California,State,517,0,1367
2021-01-24,California,State,460,0,1339
2021-01-23,California,State,502,1,1341
2021-01-22,California,State,552,0,1434
2021-01-21,California,State,570,0,1492
2021-01-20,California,State,608,1,1530
2021-01-19,California,State,596,0,1458
2021-01-18,California,State,606,0,1499
2021-01-17,California,State,641,0,1554
2021-01-16,California,State,625,1,1584
2021-01-15,California,State,709,0,1681
2021-01-14,California,State,655,1,1633
2021-01-13,California,State,631,1,1612
2021-01-12,California,State,718,1,1625
2021-01-11,California,State,707,0,1661
2021-01-10,California,State,684,0,1672
2021-01-09,California,State,686,0,1654
2021-01-08,California,State,680,1,1736
2021-01-07,California,State,708,0,1621
2021-01-06,California,State,695,0,1699
2021-01-05,California,State,709,1,1701
2021-01-04,California,State,701,1,1702
2021-01-03,California,State,675,0,1660
2021-01-02,California,State,642,0,1653
2021-01-01,California,State,658,0,1686
2020-12-31,California,State,654,1,1605
2020-12-30,California,State,634,1,1556
2020-12-29,California,State,588,0,1564
2020-12-28,California,State,627,0,1597
2020-12-27,California,State,584,3,1490
2020-12-26,California,State,593,0,1606
2020-12-25,California,State,582,0,1554
2020-12-24,California,State,554,0,1502
2020-12-23,California,State,503,0,1451
2020-12-22,California,State,543,1,1467
2020-12-21,California,State,492,0,1517
2020-12-20,California,State,442,2,1351
2020-12-19,California,State,463,0,1402
2020-12-18,California,State,466,0,1388
2020-12-17,California,State,397,0,1298
2020-12-16,California,State,378,0,1269
2020-12-15,California,State,383,1,1280
2020-12-14,California,State,355,0,1260
2020-12-13,California,State,346,0,1244
2020-12-12,California,State,286,0,1143
2020-12-11,California,State,299,0,1226
2020-12-10,California,State,312,1,1232
2020-12-09,California,State,253,0,1114
2020-12-08,California,State,231,1,1121
2020-12-07,California,State,263,0,1162
2020-12-06,California,State,237,0,1064
2020-12-05,California,State,238,0,1050
2020-12-04,California,State,199,0,1057
2020-12-03,California,State,219,0,1035
2020-12-02,California,State,175,0,1020
2020-12-01,California,State,162,0,1031
2020-11-30,California,State,159,0,975
2020-11-29,California,State,131,0,904
2020-11-28,California,State,161,1,933
2020-11-27,California,State,122,0,917
2020-11-26,California,State,110,0,813
2020-11-25,California,State,131,0,932
2020-11-24,California,State,108,0,872
2020-11-23,California,State,100,0,916
2020-11-22,California,State,106,0,934
2020-11-21,California,State,96,0,917
2020-11-20,California,State,80,0,840
2020-11-19,California,State,110,0,900
2020-11-18,California,State,77,0,909
2020-11-17,California,State,101,2,894
2020-11-16,California,State,92,0,908
2020-11-15,California,State,80,0,917
2020-11-14,California,State,74,0,891
2020-11-13,California,State,80,0,881
2020-11-12,California,State,74,0,846
2020-11-11,California,State,58,0,859
2020-11-10,California,State,59,0,828
2020-11-09,California,State,44,0,849
2020-11-08,California,State,56,0,787
2020-11-07,California,State,46,0,768
2020-11-06,California,State,55,0,909
2020-11-05,California,State,40,0,813
2020-11-04,California,State,50,0,819
2020-11-03,California,State,36,0,755
2020-11-02,California,State,57,0,819
2020-11-01,California,State,59,0,905
2020-10-31,California,State,49,0,783
2020-10-30,California,State,38,1,841
2020-10-29,California,State,56,0,845
2020-10-28,California,State,40,0,784
2020-10-27,California,State,52,0,764
2020-10-26,California,State,41,0,696
2020-10-25,California,State,46,0,739
2020-10-24,California,State,47,0,757
2020-10-23,California,State,52,0,723
2020-10-22,California,State,42,0,771
2020-10-21,California,State,42,0,738
2020-10-20,California,State,44,0,762
2020-10-19,California,State,54,0,775
2020-10-18,California,State,34,0,754
2020-10-17,California,State,34,0,795
2020-10-16,California,State,43,1,839
2020-10-15,California,State,41,0,788
2020-10-14,California,State,45,0,791
2020-10-13,California,State,49,0,790
2020-10-12,California,State,42,0,777
2020-10-11,California,State,48,0,750
2020-10-10,California,State,51,0,766
2020-10-09,California,State,50,0,752
2020-10-08,California,State,53,0,806
2020-10-07,California,State,57,0,800
2020-10-06,California,State,49,1,786
2020-10-05,California,State,55,0,832
2020-10-04,California,State,68,0,756
2020-10-03,California,State,50,0,798
2020-10-02,California,State,58,0,806
2020-10-01,California,State,57,0,836
2020-09-30,California,State,39,0,787
2020-09-29,California,State,53,0,778
2020-09-28,California,State,55,0,784
2020-09-27,California,State,58,0,808
2020-09-26,California,State,74,0,789
2020-09-25,California,State,55,0,780
2020-09-24,California,State,71,0,838
2020-09-23,California,State,66,0,774
2020-09-22,California,State,69,0,762
2020-09-21,California,State,55,0,772
2020-09-20,California,State,71,0,788
2020-09-19,California,State,72,0,796
2020-09-18,California,State,57,0,826
2020-09-17,California,State,72,0,838
2020-09-16,California,State,63,0,786
2020-09-15,California,State,85,0,814
2020-09-14,California,State,78,0,836
2020-09-13,California,State,70,0,796
2020-09-12,California,State,75,0,799
2020-09-11,California,State,77,0,831
2020-09-10,California,State,73,0,787
2020-09-09,California,State,84,0,766
2020-09-08,California,State,79,0,848
2020-09-07,California,State,71,0,859
2020-09-06,California,State,80,0,916
2020-09-05,California,State,86,0,888
2020-09-04,California,State,85,0,782
2020-09-03,California,State,80,0,802
2020-09-02,California,State,81,0,768
2020-09-01,California,State,100,0,800
2020-08-31,California,State,87,0,801
2020-08-30,California,State,111,0,860
2020-08-29,California,State,117,0,857
2020-08-28,California,State,87,0,799
2020-08-27,California,State,116,0,799
2020-08-26,California,State,99,1,816
2020-08-25,California,State,108,0,814
2020-08-24,California,State,108,0,873
2020-08-23,California,State,109,0,848
2020-08-22,California,State,119,0,871
2020-08-21,California,State,117,0,938
2020-08-20,California,State,107,0,890
2020-08-19,California,State,135,0,912
2020-08-18,California,State,123,0,928
2020-08-17,California,State,116,0,906
2020-08-16,California,State,132,0,940
2020-08-15,California,State,128,0,938
2020-08-14,California,State,123,0,914
2020-08-13,California,State,120,0,860
2020-08-12,California,State,112,0,841
2020-08-11,California,State,154,0,883
2020-08-10,California,State,141,0,886
2020-08-09,California,State,128,0,878
2020-08-08,California,State,133,0,907
2020-08-07,California,State,135,0,829
2020-08-06,California,State,118,0,861
2020-08-05,California,State,149,0,863
2020-08-04,California,State,160,0,943
2020-08-03,California,State,177,0,900
2020-08-02,California,State,136,0,913
2020-08-01,California,State,139,0,885
2020-07-31,California,State,146,0,928
2020-07-30,California,State,147,0,928
2020-07-29,California,State,158,0,910
2020-07-28,California,State,127,0,845
2020-07-27,California,State,149,0,911
2020-07-26,California,State,143,0,859
2020-07-25,California,State,173,0,915
2020-07-24,California,State,139,0,891
2020-07-23,California,State,140,0,854
2020-07-22,California,State,145,0,845
2020-07-21,California,State,137,0,887
2020-07-20,California,State,147,0,898
2020-07-19,California,State,127,1,874
2020-07-18,California,State,129,0,928
2020-07-17,California,State,122,0,863
2020-07-16,California,State,127,0,849
2020-07-15,California,State,134,0,848
2020-07-14,California,State,134,0,877
2020-07-13,California,State,145,0,936
2020-07-12,California,State,107,0,855
2020-07-11,California,State,115,0,879
2020-07-10,California,State,115,0,853
2020-07-09,California,State,93,0,854
2020-07-08,California,State,107,0,889
2020-07-07,California,State,103,0,881
2020-07-06,California,State,116,0,825
2020-07-05,California,State,97,0,785
2020-07-04,California,State,85,0,881
2020-07-03,California,State,92,0,778
2020-07-02,California,State,108,0,847
2020-07-01,California,State,87,0,850
2020-06-30,California,State,94,0,834
2020-06-29,California,State,96,0,817
2020-06-28,California,State,95,0,809
2020-06-27,California,State,66,0,805
2020-06-26,California,State,81,0,827
2020-06-25,California,State,71,0,766
2020-06-24,California,State,93,0,840
2020-06-23,California,State,67,0,819
2020-06-22,California,State,73,1,794
2020-06-21,California,State,73,0,789
2020-06-20,California,State,79,0,744
2020-06-19,California,State,79,0,772
2020-06-18,California,State,68,0,851
2020-06-17,California,State,67,1,792
2020-06-16,California,State,60,0,776
2020-06-15,California,State,68,0,732
2020-06-14,California,State,63,0,744
2020-06-13,California,State,76,0,800
2020-06-12,California,State,69,0,766
2020-06-11,California,State,61,0,804
2020-06-10,California,State,61,0,771
2020-06-09,California,State,74,1,837
2020-06-08,California,State,83,0,819
2020-06-07,California,State,66,0,714
2020-06-06,California,State,67,0,746
2020-06-05,California,State,66,1,796
2020-06-04,California,State,73,0,788
2020-06-03,California,State,88,0,809
2020-06-02,California,State,66,0,800
2020-06-01,California,State,77,0,741
2020-05-31,California,State,67,0,773
2020-05-30,California,State,64,0,793
2020-05-29,California,State,61,0,773
2020-05-28,California,State,70,0,823
2020-05-27,California,State,82,0,794
2020-05-26,California,State,83,1,807
2020-05-25,California,State,59,0,767
2020-05-24,California,State,74,0,775
2020-05-23,California,State,72,0,808
2020-05-22,California,State,80,0,767
2020-05-21,California,State,59,0,793
2020-05-20,California,State,73,0,788
2020-05-19,California,State,72,2,729
2020-05-18,California,State,89,1,802
2020-05-17,California,State,72,0,789
2020-05-16,California,State,90,0,827
2020-05-15,California,State,76,0,810
2020-05-14,California,State,75,1,808
2020-05-13,California,State,72,0,773
2020-05-12,California,State,87,0,813
2020-05-11,California,State,66,0,787
2020-05-10,California,State,73,0,809
2020-05-09,California,State,87,0,810
2020-05-08,California,State,90,0,794
2020-05-07,California,State,83,0,848
2020-05-06,California,State,97,0,833
2020-05-05,California,State,66,0,799
2020-05-04,California,State,75,1,780
2020-05-03,California,State,70,0,739
2020-05-02,California,State,95,0,823
2020-05-01,California,State,77,0,822
2020-04-30,California,State,78,0,777
2020-04-29,California,State,77,0,815
2020-04-28,California,State,93,0,825
2020-04-27,California,State,68,0,821
2020-04-26,California,State,68,0,778
2020-04-25,California,State,67,0,833
2020-04-24,California,State,79,0,891
2020-04-23,California,State,88,1,870
2020-04-22,California,State,85,1,871
2020-04-21,California,State,73,0,833
2020-04-20,California,State,84,1,798
2020-04-19,California,State,70,0,785
2020-04-18,California,State,69,0,835
2020-04-17,California,State,76,0,819
2020-04-16,California,State,98,1,833
2020-04-15,California,State,69,1,894
2020-04-14,California,State,88,2,904
2020-04-13,California,State,82,1,941
2020-04-12,California,State,64,2,839
2020-04-11,California,State,58,1,847
2020-04-10,California,State,59,0,822
2020-04-09,California,State,59,0,834
2020-04-08,California,State,66,0,895
2020-04-07,California,State,59,1,877
2020-04-06,California,State,36,3,849
2020-04-05,California,State,57,1,850
2020-04-04,California,State,37,4,833
2020-04-03,California,State,54,4,849
2020-04-02,California,State,54,3,843
2020-04-01,California,State,41,4,872
2020-03-31,California,State,43,4,834
2020-03-30,California,State,28,2,828
2020-03-29,California,State,25,2,857
2020-03-28,California,State,26,1,843
2020-03-27,California,State,22,4,806
2020-03-26,California,State,15,5,777
2020-03-25,California,State,19,5,795
2020-03-24,California,State,19,5,760
2020-03-23,California,State,18,4,828
2020-03-22,California,State,14,4,819
2020-03-21,California,State,10,7,812
2020-03-20,California,State,7,3,865
2020-03-19,California,State,7,6,807
2020-03-18,California,State,0,10,773
2020-03-17,California,State,6,5,781
2020-03-16,California,State,6,7,814
2020-03-15,California,State,2,5,755
2020-03-14,California,State,1,6,765
2020-03-13,California,State,1,10,823
2020-03-12,California,State,0,9,806
2020-03-11,California,State,1,7,749
2020-03-10,California,State,0,6,779
2020-03-09,California,State,3,7,727
2020-03-08,California,State,0,6,734
2020-03-07,California,State,0,8,763
2020-03-06,California,State,1,9,872
2020-03-05,California,State,0,7,827
2020-03-04,California,State,1,7,821
2020-03-03,California,State,0,10,813
2020-03-02,California,State,0,7,770
2020-03-01,California,State,0,8,796
2020-02-29,California,State,0,6,743
2020-02-28,California,State,0,10,809
2020-02-27,California,State,0,9,786
2020-02-26,California,State,0,13,819
2020-02-25,California,State,0,8,807
2020-02-24,California,State,0,13,847
2020-02-23,California,State,0,11,794
2020-02-22,California,State,0,10,783
2020-02-21,California,State,1,9,783
2020-02-20,California,State,0,10,826
2020-02-19,California,State,0,12,835
2020-02-18,California,State,0,13,796
2020-02-17,California,State,1,12,851
2020-02-16,California,State,0,5,847
2020-02-15,California,State,0,7,805
2020-02-14,California,State,0,12,796
2020-02-13,California,State,0,10,735
2020-02-12,California,State,0,7,753
2020-02-11,California,State,0,14,849
2020-02-10,California,State,0,17,814
2020-02-09,California,State,0,8,757
2020-02-08,California,State,0,14,782
2020-02-07,California,State,0,10,828
2020-02-06,California,State,1,7,869
2020-02-05,California,State,0,5,869
2020-02-04,California,State,0,7,795
2020-02-03,California,State,0,11,847
2020-02-02,California,State,0,12,856
2020-02-01,California,State,0,7,837
2020-01-31,California,State,0,7,821
2020-01-30,California,State,0,10,805
2020-01-29,California,State,0,8,809
2020-01-28,California,State,0,9,751
2020-01-27,California,State,0,12,814
2020-01-26,California,State,0,5,785
2020-01-25,California,State,0,10,821
2020-01-24,California,State,0,7,861
2020-01-23,California,State,0,9,821
2020-01-22,California,State,0,12,785
2020-01-21,California,State,0,13,869
2020-01-20,California,State,0,4,814
2020-01-19,California,State,0,16,787
2020-01-18,California,State,0,6,848
2020-01-17,California,State,0,12,826
2020-01-16,California,State,0,4,844
2020-01-15,California,State,0,10,813
2020-01-14,California,State,0,8,818
2020-01-13,California,State,0,10,776
2020-01-12,California,State,0,16,820
2020-01-11,California,State,0,10,845
2020-01-10,California,State,0,10,810
2020-01-09,California,State,0,9,775
2020-01-08,California,State,0,11,852
2020-01-07,California,State,0,6,845
2020-01-06,California,State,0,3,871
2020-01-05,California,State,0,3,792
2020-01-04,California,State,0,5,800
2020-01-03,California,State,0,11,853
2020-01-02,California,State,0,8,847
2020-01-01,California,State,0,4,845
