county,area,date,confirmed_cases
El Dorado,"Camino, Pollock Pines, Kyburz",2020-11-30,106
El Dorado,El Dorado Hills,2020-11-30,670
El Dorado,"El Dorado, Diamond Springs",2020-11-30,77
El Dorado,North County,2020-11-30,85
El Dorado,Greater Placerville Area,2020-11-30,270
El Dorado,"Shingle Springs, Cameron Park, Rescue",2020-11-30,351
El Dorado,South County,2020-11-30,24
El Dorado,Tahoe Region,2020-11-30,950
El Dorado,"Camino, Pollock Pines, Kyburz",2020-11-27,98
El Dorado,El Dorado Hills,2020-11-27,628
El Dorado,"El Dorado, Diamond Springs",2020-11-27,70
El Dorado,North County,2020-11-27,78
El Dorado,Greater Placerville Area,2020-11-27,252
El Dorado,"Shingle Springs, Cameron Park, Rescue",2020-11-27,322
El Dorado,South County,2020-11-27,23
El Dorado,Tahoe Region,2020-11-27,830
El Dorado,"Camino, Pollock Pines, Kyburz",2020-11-24,83
El Dorado,El Dorado Hills,2020-11-24,551
El Dorado,"El Dorado, Diamond Springs",2020-11-24,60
El Dorado,North County,2020-11-24,66
El Dorado,Greater Placerville Area,2020-11-24,239
El Dorado,"Shingle Springs, Cameron Park, Rescue",2020-11-24,281
El Dorado,South County,2020-11-24,19
El Dorado,Tahoe Region,2020-11-24,775
El Dorado,"Camino, Pollock Pines, Kyburz",2020-11-23,80
El Dorado,El Dorado Hills,2020-11-23,528
El Dorado,"El Dorado, Diamond Springs",2020-11-23,58
El Dorado,North County,2020-11-23,62
El Dorado,Greater Placerville Area,2020-11-23,235
El Dorado,"Shingle Springs, Cameron Park, Rescue",2020-11-23,274
El Dorado,South County,2020-11-23,19
El Dorado,Tahoe Region,2020-11-23,740
El Dorado,"Camino, Pollock Pines, Kyburz",2020-11-20,77
El Dorado,El Dorado Hills,2020-11-20,510
El Dorado,"El Dorado, Diamond Springs",2020-11-20,57
El Dorado,North County,2020-11-20,58
El Dorado,Greater Placerville Area,2020-11-20,225
El Dorado,"Shingle Springs, Cameron Park, Rescue",2020-11-20,260
El Dorado,South County,2020-11-20,18
El Dorado,Tahoe Region,2020-11-20,723
El Dorado,El Dorado Hills,2020-11-19,500
El Dorado,"El Dorado, Diamond Springs",2020-11-19,56
El Dorado,North County,2020-11-19,55
El Dorado,Greater Placerville Area,2020-11-19,221
El Dorado,"Shingle Springs, Cameron Park, Rescue",2020-11-19,254
El Dorado,South County,2020-11-19,18
El Dorado,Tahoe Region,2020-11-19,710
El Dorado,"Camino, Pollock Pines, Kyburz",2020-11-18,69
El Dorado,El Dorado Hills,2020-11-18,485
El Dorado,"El Dorado, Diamond Springs",2020-11-18,56
El Dorado,North County,2020-11-18,51
El Dorado,Greater Placerville Area,2020-11-18,213
El Dorado,"Shingle Springs, Cameron Park, Rescue",2020-11-18,254
El Dorado,South County,2020-11-18,17
El Dorado,Tahoe Region,2020-11-18,699
El Dorado,"Camino, Pollock Pines, Kyburz",2020-11-17,65
El Dorado,El Dorado Hills,2020-11-17,467
El Dorado,"El Dorado, Diamond Springs",2020-11-17,56
El Dorado,North County,2020-11-17,50
El Dorado,Greater Placerville Area,2020-11-17,211
El Dorado,"Shingle Springs, Cameron Park, Rescue",2020-11-17,245
El Dorado,South County,2020-11-17,17
El Dorado,Tahoe Region,2020-11-17,684
El Dorado,"Camino, Pollock Pines, Kyburz",2020-11-16,57
El Dorado,El Dorado Hills,2020-11-16,446
El Dorado,"El Dorado, Diamond Springs",2020-11-16,51
El Dorado,North County,2020-11-16,47
El Dorado,Greater Placerville Area,2020-11-16,197
El Dorado,"Shingle Springs, Cameron Park, Rescue",2020-11-16,235
El Dorado,South County,2020-11-16,15
El Dorado,Tahoe Region,2020-11-16,651
El Dorado,"Camino, Pollock Pines, Kyburz",2020-11-13,54
El Dorado,El Dorado Hills,2020-11-13,428
El Dorado,"El Dorado, Diamond Springs",2020-11-13,50
El Dorado,North County,2020-11-13,43
El Dorado,Greater Placerville Area,2020-11-13,193
El Dorado,"Shingle Springs, Cameron Park, Rescue",2020-11-13,227
El Dorado,South County,2020-11-13,15
El Dorado,Tahoe Region,2020-11-13,627
El Dorado,"Camino, Pollock Pines, Kyburz",2020-11-12,51
El Dorado,El Dorado Hills,2020-11-12,422
El Dorado,"El Dorado, Diamond Springs",2020-11-12,50
El Dorado,North County,2020-11-12,40
El Dorado,Greater Placerville Area,2020-11-12,188
El Dorado,"Shingle Springs, Cameron Park, Rescue",2020-11-12,221
El Dorado,South County,2020-11-12,15
El Dorado,Tahoe Region,2020-11-12,613
El Dorado,"Camino, Pollock Pines, Kyburz",2020-11-10,52
El Dorado,El Dorado Hills,2020-11-10,414
El Dorado,"El Dorado, Diamond Springs",2020-11-10,49
El Dorado,North County,2020-11-10,39
El Dorado,Greater Placerville Area,2020-11-10,180
El Dorado,"Shingle Springs, Cameron Park, Rescue",2020-11-10,216
El Dorado,South County,2020-11-10,15
El Dorado,Tahoe Region,2020-11-10,593
El Dorado,"Camino, Pollock Pines, Kyburz",2020-11-09,52
El Dorado,El Dorado Hills,2020-11-09,409
El Dorado,"El Dorado, Diamond Springs",2020-11-09,48
El Dorado,North County,2020-11-09,39
El Dorado,Greater Placerville Area,2020-11-09,180
El Dorado,"Shingle Springs, Cameron Park, Rescue",2020-11-09,214
El Dorado,South County,2020-11-09,14
El Dorado,Tahoe Region,2020-11-09,581
El Dorado,"Camino, Pollock Pines, Kyburz",2020-11-06,50
El Dorado,El Dorado Hills,2020-11-06,397
El Dorado,"El Dorado, Diamond Springs",2020-11-06,45
El Dorado,North County,2020-11-06,38
El Dorado,Greater Placerville Area,2020-11-06,173
El Dorado,"Shingle Springs, Cameron Park, Rescue",2020-11-06,204
El Dorado,South County,2020-11-06,14
El Dorado,Tahoe Region,2020-11-06,566
El Dorado,"Camino, Pollock Pines, Kyburz",2020-11-05,49
El Dorado,El Dorado Hills,2020-11-05,393
El Dorado,"El Dorado, Diamond Springs",2020-11-05,44
El Dorado,North County,2020-11-05,37
El Dorado,Greater Placerville Area,2020-11-05,169
El Dorado,"Shingle Springs, Cameron Park, Rescue",2020-11-05,201
El Dorado,South County,2020-11-05,14
El Dorado,Tahoe Region,2020-11-05,562
El Dorado,"Camino, Pollock Pines, Kyburz",2020-11-04,47
El Dorado,El Dorado Hills,2020-11-04,393
El Dorado,"El Dorado, Diamond Springs",2020-11-04,42
El Dorado,North County,2020-11-04,37
El Dorado,Greater Placerville Area,2020-11-04,167
El Dorado,"Shingle Springs, Cameron Park, Rescue",2020-11-04,199
El Dorado,South County,2020-11-04,14
El Dorado,Tahoe Region,2020-11-04,560
El Dorado,"Camino, Pollock Pines, Kyburz",2020-11-03,47
El Dorado,El Dorado Hills,2020-11-03,388
El Dorado,"El Dorado, Diamond Springs",2020-11-03,42
El Dorado,North County,2020-11-03,38
El Dorado,Greater Placerville Area,2020-11-03,164
El Dorado,"Shingle Springs, Cameron Park, Rescue",2020-11-03,194
El Dorado,South County,2020-11-03,14
El Dorado,Tahoe Region,2020-11-03,557
El Dorado,"Camino, Pollock Pines, Kyburz",2020-11-02,47
El Dorado,El Dorado Hills,2020-11-02,386
El Dorado,"El Dorado, Diamond Springs",2020-11-02,42
El Dorado,North County,2020-11-02,38
El Dorado,Greater Placerville Area,2020-11-02,163
El Dorado,"Shingle Springs, Cameron Park, Rescue",2020-11-02,192
El Dorado,South County,2020-11-02,14
El Dorado,Tahoe Region,2020-11-02,547
El Dorado,"Camino, Pollock Pines, Kyburz",2020-10-30,46
El Dorado,El Dorado Hills,2020-10-30,378
El Dorado,"El Dorado, Diamond Springs",2020-10-30,40
El Dorado,North County,2020-10-30,36
El Dorado,Greater Placerville Area,2020-10-30,156
El Dorado,"Shingle Springs, Cameron Park, Rescue",2020-10-30,183
El Dorado,South County,2020-10-30,14
El Dorado,Tahoe Region,2020-10-30,535
El Dorado,"Camino, Pollock Pines, Kyburz",2020-10-29,46
El Dorado,El Dorado Hills,2020-10-29,374
El Dorado,"El Dorado, Diamond Springs",2020-10-29,39
El Dorado,North County,2020-10-29,35
El Dorado,Greater Placerville Area,2020-10-29,151
El Dorado,"Shingle Springs, Cameron Park, Rescue",2020-10-29,176
El Dorado,South County,2020-10-29,14
El Dorado,Tahoe Region,2020-10-29,533
El Dorado,"Camino, Pollock Pines, Kyburz",2020-10-28,45
El Dorado,El Dorado Hills,2020-10-28,373
El Dorado,"El Dorado, Diamond Springs",2020-10-28,39
El Dorado,North County,2020-10-28,35
El Dorado,Greater Placerville Area,2020-10-28,150
El Dorado,"Shingle Springs, Cameron Park, Rescue",2020-10-28,176
El Dorado,South County,2020-10-28,14
El Dorado,Tahoe Region,2020-10-28,529
El Dorado,"Camino, Pollock Pines, Kyburz",2020-10-27,45
El Dorado,El Dorado Hills,2020-10-27,368
El Dorado,"El Dorado, Diamond Springs",2020-10-27,38
El Dorado,North County,2020-10-27,36
El Dorado,Greater Placerville Area,2020-10-27,151
El Dorado,"Shingle Springs, Cameron Park, Rescue",2020-10-27,176
El Dorado,South County,2020-10-27,14
El Dorado,Tahoe Region,2020-10-27,523
El Dorado,"Camino, Pollock Pines, Kyburz",2020-10-23,44
El Dorado,El Dorado Hills,2020-10-23,356
El Dorado,"El Dorado, Diamond Springs",2020-10-23,37
El Dorado,North County,2020-10-23,34
El Dorado,Greater Placerville Area,2020-10-23,146
El Dorado,"Shingle Springs, Cameron Park, Rescue",2020-10-23,170
El Dorado,South County,2020-10-23,14
El Dorado,Tahoe Region,2020-10-23,514
El Dorado,"Camino, Pollock Pines, Kyburz",2020-10-22,43
El Dorado,El Dorado Hills,2020-10-22,353
El Dorado,"El Dorado, Diamond Springs",2020-10-22,37
El Dorado,North County,2020-10-22,34
El Dorado,Greater Placerville Area,2020-10-22,145
El Dorado,"Shingle Springs, Cameron Park, Rescue",2020-10-22,169
El Dorado,South County,2020-10-22,14
El Dorado,Tahoe Region,2020-10-22,513
El Dorado,"Camino, Pollock Pines, Kyburz",2020-10-21,42
El Dorado,El Dorado Hills,2020-10-21,352
El Dorado,"El Dorado, Diamond Springs",2020-10-21,38
El Dorado,North County,2020-10-21,34
El Dorado,Greater Placerville Area,2020-10-21,144
El Dorado,"Shingle Springs, Cameron Park, Rescue",2020-10-21,169
El Dorado,South County,2020-10-21,14
El Dorado,Tahoe Region,2020-10-21,513
El Dorado,"Camino, Pollock Pines, Kyburz",2020-10-20,41
El Dorado,El Dorado Hills,2020-10-20,350
El Dorado,"El Dorado, Diamond Springs",2020-10-20,36
El Dorado,North County,2020-10-20,34
El Dorado,Greater Placerville Area,2020-10-20,144
El Dorado,"Shingle Springs, Cameron Park, Rescue",2020-10-20,170
El Dorado,South County,2020-10-20,14
El Dorado,Tahoe Region,2020-10-20,513
El Dorado,"Camino, Pollock Pines, Kyburz",2020-10-19,39
El Dorado,El Dorado Hills,2020-10-19,344
El Dorado,"El Dorado, Diamond Springs",2020-10-19,36
El Dorado,North County,2020-10-19,34
El Dorado,Greater Placerville Area,2020-10-19,143
El Dorado,"Shingle Springs, Cameron Park, Rescue",2020-10-19,169
El Dorado,South County,2020-10-19,14
El Dorado,Tahoe Region,2020-10-19,511
El Dorado,"Camino, Pollock Pines, Kyburz",2020-10-16,38
El Dorado,El Dorado Hills,2020-10-16,337
El Dorado,"El Dorado, Diamond Springs",2020-10-16,36
El Dorado,North County,2020-10-16,34
El Dorado,Greater Placerville Area,2020-10-16,142
El Dorado,"Shingle Springs, Cameron Park, Rescue",2020-10-16,168
El Dorado,South County,2020-10-16,14
El Dorado,Tahoe Region,2020-10-16,506
El Dorado,"Cameron Park, Shingle Springs, Rescue",2020-10-15,167
El Dorado,"Camino, Pollock Pines, Kyburz",2020-10-15,38
El Dorado,"Diamond Springs, El Dorado",2020-10-15,36
El Dorado,El Dorado Hills,2020-10-15,335
El Dorado,Greater Placerville Area,2020-10-15,141
El Dorado,North County,2020-10-15,34
El Dorado,South County,2020-10-15,14
El Dorado,Tahoe Region,2020-10-15,506
El Dorado,"Cameron Park, Shingle Springs, Rescue",2020-10-14,166
El Dorado,"Camino, Pollock Pines, Kyburz",2020-10-14,37
El Dorado,"Diamond Springs, El Dorado",2020-10-14,36
El Dorado,El Dorado Hills,2020-10-14,331
El Dorado,Greater Placerville Area,2020-10-14,140
El Dorado,North County,2020-10-14,34
El Dorado,South County,2020-10-14,14
El Dorado,Tahoe Region,2020-10-14,505
El Dorado,"Cameron Park, Shingle Springs, Rescue",2020-10-13,165
El Dorado,"Camino, Pollock Pines, Kyburz",2020-10-13,37
El Dorado,"Diamond Springs, El Dorado",2020-10-13,36
El Dorado,El Dorado Hills,2020-10-13,331
El Dorado,Greater Placerville Area,2020-10-13,140
El Dorado,North County,2020-10-13,34
El Dorado,South County,2020-10-13,14
El Dorado,Tahoe Region,2020-10-13,504
El Dorado,"Cameron Park, Shingle Springs, Rescue",2020-10-12,165
El Dorado,"Camino, Pollock Pines, Kyburz",2020-10-12,37
El Dorado,"Diamond Springs, El Dorado",2020-10-12,36
El Dorado,El Dorado Hills,2020-10-12,330
El Dorado,Greater Placerville Area,2020-10-12,140
El Dorado,North County,2020-10-12,34
El Dorado,South County,2020-10-12,14
El Dorado,Tahoe Region,2020-10-12,503
El Dorado,"Cameron Park, Shingle Springs, Rescue",2020-10-09,163
El Dorado,"Camino, Pollock Pines, Kyburz",2020-10-09,37
El Dorado,"Diamond Springs, El Dorado",2020-10-09,35
El Dorado,El Dorado Hills,2020-10-09,322
El Dorado,Greater Placerville Area,2020-10-09,140
El Dorado,North County,2020-10-09,34
El Dorado,South County,2020-10-09,14
El Dorado,Tahoe Region,2020-10-09,494
El Dorado,"Cameron Park, Shingle Springs, Rescue",2020-10-08,161
El Dorado,"Camino, Pollock Pines, Kyburz",2020-10-08,37
El Dorado,"Diamond Springs, El Dorado",2020-10-08,35
El Dorado,El Dorado Hills,2020-10-08,323
El Dorado,Greater Placerville Area,2020-10-08,139
El Dorado,North County,2020-10-08,34
El Dorado,South County,2020-10-08,14
El Dorado,Tahoe Region,2020-10-08,489
El Dorado,"Cameron Park, Shingle Springs, Rescue",2020-10-07,160
El Dorado,"Camino, Pollock Pines, Kyburz",2020-10-07,37
El Dorado,"Diamond Springs, El Dorado",2020-10-07,34
El Dorado,El Dorado Hills,2020-10-07,323
El Dorado,Greater Placerville Area,2020-10-07,139
El Dorado,North County,2020-10-07,34
El Dorado,South County,2020-10-07,14
El Dorado,Tahoe Region,2020-10-07,488
El Dorado,"Cameron Park, Shingle Springs, Rescue",2020-10-06,160
El Dorado,"Camino, Pollock Pines, Kyburz",2020-10-06,36
El Dorado,"Diamond Springs, El Dorado",2020-10-06,34
El Dorado,El Dorado Hills,2020-10-06,317
El Dorado,Greater Placerville Area,2020-10-06,137
El Dorado,North County,2020-10-06,34
El Dorado,South County,2020-10-06,14
El Dorado,Tahoe Region,2020-10-06,484
El Dorado,"Cameron Park, Shingle Springs, Rescue",2020-10-04,158
El Dorado,"Camino, Pollock Pines, Kyburz",2020-10-04,36
El Dorado,"Diamond Springs, El Dorado",2020-10-04,33
El Dorado,El Dorado Hills,2020-10-04,316
El Dorado,Greater Placerville Area,2020-10-04,134
El Dorado,North County,2020-10-04,34
El Dorado,South County,2020-10-04,13
El Dorado,Tahoe Region,2020-10-04,483
El Dorado,"Cameron Park, Shingle Springs, Rescue",2020-10-02,154
El Dorado,"Camino, Pollock Pines, Kyburz",2020-10-02,35
El Dorado,"Diamond Springs, El Dorado",2020-10-02,33
El Dorado,El Dorado Hills,2020-10-02,307
El Dorado,Greater Placerville Area,2020-10-02,127
El Dorado,North County,2020-10-02,33
El Dorado,South County,2020-10-02,13
El Dorado,Tahoe Region,2020-10-02,478
El Dorado,"Cameron Park, Shingle Springs, Rescue",2020-10-01,150
El Dorado,"Camino, Pollock Pines, Kyburz",2020-10-01,35
El Dorado,"Diamond Springs, El Dorado",2020-10-01,33
El Dorado,El Dorado Hills,2020-10-01,300
El Dorado,Greater Placerville Area,2020-10-01,121
El Dorado,North County,2020-10-01,33
El Dorado,South County,2020-10-01,12
El Dorado,Tahoe Region,2020-10-01,474
El Dorado,"Cameron Park, Shingle Springs, Rescue",2020-09-30,146
El Dorado,"Camino, Pollock Pines, Kyburz",2020-09-30,35
El Dorado,"Diamond Springs, El Dorado",2020-09-30,33
El Dorado,El Dorado Hills,2020-09-30,297
El Dorado,Greater Placerville Area,2020-09-30,120
El Dorado,North County,2020-09-30,33
El Dorado,South County,2020-09-30,12
El Dorado,Tahoe Region,2020-09-30,474
El Dorado,"Cameron Park, Shingle Springs, Rescue",2020-09-29,143
El Dorado,"Camino, Pollock Pines, Kyburz",2020-09-29,35
El Dorado,"Diamond Springs, El Dorado",2020-09-29,33
El Dorado,El Dorado Hills,2020-09-29,293
El Dorado,Greater Placerville Area,2020-09-29,120
El Dorado,North County,2020-09-29,33
El Dorado,South County,2020-09-29,12
El Dorado,Tahoe Region,2020-09-29,474
El Dorado,"Cameron Park, Shingle Springs, Rescue",2020-09-28,143
El Dorado,"Camino, Pollock Pines, Kyburz",2020-09-28,35
El Dorado,"Diamond Springs, El Dorado",2020-09-28,33
El Dorado,El Dorado Hills,2020-09-28,291
El Dorado,Greater Placerville Area,2020-09-28,119
El Dorado,North County,2020-09-28,33
El Dorado,South County,2020-09-28,12
El Dorado,Tahoe Region,2020-09-28,474
El Dorado,"Cameron Park, Shingle Springs, Rescue",2020-09-25,133
El Dorado,"Camino, Pollock Pines, Kyburz",2020-09-25,33
El Dorado,"Diamond Springs, El Dorado",2020-09-25,33
El Dorado,El Dorado Hills,2020-09-25,283
El Dorado,Greater Placerville Area,2020-09-25,116
El Dorado,North County,2020-09-25,30
El Dorado,South County,2020-09-25,12
El Dorado,Tahoe Region,2020-09-25,469
El Dorado,"Cameron Park, Shingle Springs, Rescue",2020-09-24,129
El Dorado,"Camino, Pollock Pines, Kyburz",2020-09-24,33
El Dorado,"Diamond Springs, El Dorado",2020-09-24,33
El Dorado,El Dorado Hills,2020-09-24,279
El Dorado,Greater Placerville Area,2020-09-24,116
El Dorado,North County,2020-09-24,29
El Dorado,South County,2020-09-24,12
El Dorado,Tahoe Region,2020-09-24,467
El Dorado,"Cameron Park, Shingle Springs, Rescue",2020-09-23,128
El Dorado,"Camino, Pollock Pines, Kyburz",2020-09-23,33
El Dorado,"Diamond Springs, El Dorado",2020-09-23,31
El Dorado,El Dorado Hills,2020-09-23,272
El Dorado,Greater Placerville Area,2020-09-23,116
El Dorado,North County,2020-09-23,28
El Dorado,South County,2020-09-23,12
El Dorado,Tahoe Region,2020-09-23,467
El Dorado,"Cameron Park, Shingle Springs, Rescue",2020-09-22,124
El Dorado,"Camino, Pollock Pines, Kyburz",2020-09-22,31
El Dorado,"Diamond Springs, El Dorado",2020-09-22,29
El Dorado,El Dorado Hills,2020-09-22,270
El Dorado,Greater Placerville Area,2020-09-22,116
El Dorado,North County,2020-09-22,28
El Dorado,South County,2020-09-22,12
El Dorado,Tahoe Region,2020-09-22,468
El Dorado,"Cameron Park, Shingle Springs, Rescue",2020-09-21,124
El Dorado,"Camino, Pollock Pines, Kyburz",2020-09-21,29
El Dorado,"Diamond Springs, El Dorado",2020-09-21,28
El Dorado,El Dorado Hills,2020-09-21,268
El Dorado,Greater Placerville Area,2020-09-21,116
El Dorado,North County,2020-09-21,28
El Dorado,South County,2020-09-21,12
El Dorado,Tahoe Region,2020-09-21,468
El Dorado,"Cameron Park, Shingle Springs, Rescue",2020-09-18,122
El Dorado,"Camino, Pollock Pines, Kyburz",2020-09-18,29
El Dorado,"Diamond Springs, El Dorado",2020-09-18,28
El Dorado,El Dorado Hills,2020-09-18,265
El Dorado,Greater Placerville Area,2020-09-18,114
El Dorado,North County,2020-09-18,29
El Dorado,South County,2020-09-18,11
El Dorado,Tahoe Region,2020-09-18,466
El Dorado,"Cameron Park, Shingle Springs, Rescue",2020-09-17,121
El Dorado,"Camino, Pollock Pines, Kyburz",2020-09-17,29
El Dorado,"Diamond Springs, El Dorado",2020-09-17,28
El Dorado,El Dorado Hills,2020-09-17,262
El Dorado,Greater Placerville Area,2020-09-17,113
El Dorado,North County,2020-09-17,29
El Dorado,South County,2020-09-17,11
El Dorado,Tahoe Region,2020-09-17,465
El Dorado,"Cameron Park, Shingle Springs, Rescue",2020-09-16,120
El Dorado,"Camino, Pollock Pines, Kyburz",2020-09-16,29
El Dorado,"Diamond Springs, El Dorado",2020-09-16,28
El Dorado,El Dorado Hills,2020-09-16,260
El Dorado,Greater Placerville Area,2020-09-16,113
El Dorado,North County,2020-09-16,29
El Dorado,South County,2020-09-16,11
El Dorado,Tahoe Region,2020-09-16,464
El Dorado,"Cameron Park, Shingle Springs, Rescue",2020-09-15,119
El Dorado,"Camino, Pollock Pines, Kyburz",2020-09-15,29
El Dorado,"Diamond Springs, El Dorado",2020-09-15,28
El Dorado,El Dorado Hills,2020-09-15,259
El Dorado,Greater Placerville Area,2020-09-15,113
El Dorado,North County,2020-09-15,28
El Dorado,South County,2020-09-15,11
El Dorado,Tahoe Region,2020-09-15,464
El Dorado,"Cameron Park, Shingle Springs, Rescue",2020-09-14,116
El Dorado,"Camino, Pollock Pines, Kyburz",2020-09-14,29
El Dorado,"Diamond Springs, El Dorado",2020-09-14,28
El Dorado,El Dorado Hills,2020-09-14,258
El Dorado,Greater Placerville Area,2020-09-14,113
El Dorado,North County,2020-09-14,27
El Dorado,South County,2020-09-14,10
El Dorado,Tahoe Region,2020-09-14,465
El Dorado,"Camino, Pollock Pines, Kyburz",2020-09-11,28
El Dorado,"Diamond Springs, El Dorado",2020-09-11,28
El Dorado,El Dorado Hills,2020-09-11,253
El Dorado,Greater Placerville Area,2020-09-11,113
El Dorado,North County,2020-09-11,27
El Dorado,South County,2020-09-11,10
El Dorado,Tahoe Region,2020-09-11,458
El Dorado,"Cameron Park, Shingle Springs, Rescue",2020-09-10,113
El Dorado,"Camino, Pollock Pines, Kyburz",2020-09-10,27
El Dorado,"Diamond Springs, El Dorado",2020-09-10,28
El Dorado,El Dorado Hills,2020-09-10,249
El Dorado,Greater Placerville Area,2020-09-10,112
El Dorado,North County,2020-09-10,27
El Dorado,South County,2020-09-10,10
El Dorado,Tahoe Region,2020-09-10,459
El Dorado,"Cameron Park, Shingle Springs, Rescue",2020-09-09,111
El Dorado,"Camino, Pollock Pines, Kyburz",2020-09-09,27
El Dorado,"Diamond Springs, El Dorado",2020-09-09,28
El Dorado,El Dorado Hills,2020-09-09,249
El Dorado,Greater Placerville Area,2020-09-09,112
El Dorado,North County,2020-09-09,26
El Dorado,South County,2020-09-09,10
El Dorado,Tahoe Region,2020-09-09,456
El Dorado,"Cameron Park, Shingle Springs, Rescue",2020-09-08,108
El Dorado,"Camino, Pollock Pines, Kyburz",2020-09-08,27
El Dorado,"Diamond Springs, El Dorado",2020-09-08,28
El Dorado,El Dorado Hills,2020-09-08,249
El Dorado,Greater Placerville Area,2020-09-08,112
El Dorado,North County,2020-09-08,26
El Dorado,South County,2020-09-08,10
El Dorado,Tahoe Region,2020-09-08,453
El Dorado,"Cameron Park, Shingle Springs, Rescue",2020-09-07,106
El Dorado,"Camino, Pollock Pines, Kyburz",2020-09-07,27
El Dorado,"Diamond Springs, El Dorado",2020-09-07,28
El Dorado,El Dorado Hills,2020-09-07,249
El Dorado,Greater Placerville Area,2020-09-07,112
El Dorado,North County,2020-09-07,26
El Dorado,South County,2020-09-07,10
El Dorado,Tahoe Region,2020-09-07,450
El Dorado,"Cameron Park, Shingle Springs, Rescue",2020-09-04,105
El Dorado,"Camino, Pollock Pines, Kyburz",2020-09-04,27
El Dorado,"Diamond Springs, El Dorado",2020-09-04,28
El Dorado,El Dorado Hills,2020-09-04,249
El Dorado,Greater Placerville Area,2020-09-04,109
El Dorado,North County,2020-09-04,26
El Dorado,South County,2020-09-04,10
El Dorado,Tahoe Region,2020-09-04,447
El Dorado,"Cameron Park, Shingle Springs, Rescue",2020-09-03,102
El Dorado,"Camino, Pollock Pines, Kyburz",2020-09-03,26
El Dorado,"Diamond Springs, El Dorado",2020-09-03,28
El Dorado,El Dorado Hills,2020-09-03,244
El Dorado,Greater Placerville Area,2020-09-03,108
El Dorado,North County,2020-09-03,26
El Dorado,South County,2020-09-03,10
El Dorado,Tahoe Region,2020-09-03,444
El Dorado,"Cameron Park, Shingle Springs, Rescue",2020-09-02,102
El Dorado,"Camino, Pollock Pines, Kyburz",2020-09-02,26
El Dorado,"Diamond Springs, El Dorado",2020-09-02,28
El Dorado,El Dorado Hills,2020-09-02,238
El Dorado,Greater Placerville Area,2020-09-02,107
El Dorado,North County,2020-09-02,26
El Dorado,South County,2020-09-02,9
El Dorado,Tahoe Region,2020-09-02,444
El Dorado,"Cameron Park, Shingle Springs, Rescue",2020-09-01,101
El Dorado,"Camino, Pollock Pines, Kyburz",2020-09-01,24
El Dorado,"Diamond Springs, El Dorado",2020-09-01,28
El Dorado,El Dorado Hills,2020-09-01,236
El Dorado,Greater Placerville Area,2020-09-01,107
El Dorado,North County,2020-09-01,26
El Dorado,South County,2020-09-01,9
El Dorado,Tahoe Region,2020-09-01,442
El Dorado,"Cameron Park, Shingle Springs, Rescue",2020-08-31,99
El Dorado,"Camino, Pollock Pines, Kyburz",2020-08-31,24
El Dorado,"Diamond Springs, El Dorado",2020-08-31,28
El Dorado,El Dorado Hills,2020-08-31,233
El Dorado,Greater Placerville Area,2020-08-31,106
El Dorado,North County,2020-08-31,26
El Dorado,South County,2020-08-31,9
El Dorado,Tahoe Region,2020-08-31,442
El Dorado,"Cameron Park, Shingle Springs, Rescue",2020-08-29,96
El Dorado,"Camino, Pollock Pines, Kyburz",2020-08-29,24
El Dorado,"Diamond Springs, El Dorado",2020-08-29,28
El Dorado,El Dorado Hills,2020-08-29,228
El Dorado,Greater Placerville Area,2020-08-29,103
El Dorado,North County,2020-08-29,26
El Dorado,South County,2020-08-29,8
El Dorado,Tahoe Region,2020-08-29,438
El Dorado,"Cameron Park, Shingle Springs, Rescue",2020-08-27,95
El Dorado,"Camino, Pollock Pines, Kyburz",2020-08-27,24
El Dorado,"Diamond Springs, El Dorado",2020-08-27,27
El Dorado,El Dorado Hills,2020-08-27,223
El Dorado,Greater Placerville Area,2020-08-27,102
El Dorado,North County,2020-08-27,26
El Dorado,South County,2020-08-27,8
El Dorado,Tahoe Region,2020-08-27,437
El Dorado,"Cameron Park, Shingle Springs, Rescue",2020-08-26,92
El Dorado,"Camino, Pollock Pines, Kyburz",2020-08-26,24
El Dorado,"Diamond Springs, El Dorado",2020-08-26,27
El Dorado,El Dorado Hills,2020-08-26,221
El Dorado,Greater Placerville Area,2020-08-26,102
El Dorado,North County,2020-08-26,26
El Dorado,South County,2020-08-26,8
El Dorado,Tahoe Region,2020-08-26,435
El Dorado,"Cameron Park, Shingle Springs, Rescue",2020-08-25,92
El Dorado,"Camino, Pollock Pines, Kyburz",2020-08-25,24
El Dorado,"Diamond Springs, El Dorado",2020-08-25,27
El Dorado,El Dorado Hills,2020-08-25,221
El Dorado,Greater Placerville Area,2020-08-25,102
El Dorado,North County,2020-08-25,25
El Dorado,South County,2020-08-25,8
El Dorado,Tahoe Region,2020-08-25,433
El Dorado,"Cameron Park, Shingle Springs, Rescue",2020-08-24,92
El Dorado,"Camino, Pollock Pines, Kyburz",2020-08-24,24
El Dorado,"Diamond Springs, El Dorado",2020-08-24,26
El Dorado,El Dorado Hills,2020-08-24,220
El Dorado,Greater Placerville Area,2020-08-24,100
El Dorado,North County,2020-08-24,24
El Dorado,South County,2020-08-24,8
El Dorado,Tahoe Region,2020-08-24,430
El Dorado,"Cameron Park, Shingle Springs, Rescue",2020-08-21,92
El Dorado,"Camino, Pollock Pines, Kyburz",2020-08-21,24
El Dorado,"Diamond Springs, El Dorado",2020-08-21,26
El Dorado,El Dorado Hills,2020-08-21,208
El Dorado,Greater Placerville Area,2020-08-21,96
El Dorado,North County,2020-08-21,22
El Dorado,South County,2020-08-21,8
El Dorado,Tahoe Region,2020-08-21,419
El Dorado,"Cameron Park, Shingle Springs, Rescue",2020-08-20,91
El Dorado,"Camino, Pollock Pines, Kyburz",2020-08-20,22
El Dorado,"Diamond Springs, El Dorado",2020-08-20,28
El Dorado,El Dorado Hills,2020-08-20,207
El Dorado,Greater Placerville Area,2020-08-20,93
El Dorado,North County,2020-08-20,22
El Dorado,South County,2020-08-20,8
El Dorado,Tahoe Region,2020-08-20,416
El Dorado,"Cameron Park, Shingle Springs, Rescue",2020-08-19,90
El Dorado,"Camino, Pollock Pines, Kyburz",2020-08-19,22
El Dorado,"Diamond Springs, El Dorado",2020-08-19,26
El Dorado,El Dorado Hills,2020-08-19,204
El Dorado,Greater Placerville Area,2020-08-19,93
El Dorado,North County,2020-08-19,22
El Dorado,South County,2020-08-19,8
El Dorado,Tahoe Region,2020-08-19,412
El Dorado,"Cameron Park, Shingle Springs, Rescue",2020-08-18,87
El Dorado,"Camino, Pollock Pines, Kyburz",2020-08-18,22
El Dorado,"Diamond Springs, El Dorado",2020-08-18,26
El Dorado,El Dorado Hills,2020-08-18,203
El Dorado,Greater Placerville Area,2020-08-18,93
El Dorado,North County,2020-08-18,21
El Dorado,South County,2020-08-18,8
El Dorado,Tahoe Region,2020-08-18,411
El Dorado,"Cameron Park, Shingle Springs, Rescue",2020-08-17,86
El Dorado,"Camino, Pollock Pines, Kyburz",2020-08-17,21
El Dorado,"Diamond Springs, El Dorado",2020-08-17,26
El Dorado,El Dorado Hills,2020-08-17,200
El Dorado,Greater Placerville Area,2020-08-17,92
El Dorado,North County,2020-08-17,21
El Dorado,South County,2020-08-17,8
El Dorado,Tahoe Region,2020-08-17,395
El Dorado,"Cameron Park, Shingle Springs, Rescue",2020-08-14,84
El Dorado,"Camino, Pollock Pines, Kyburz",2020-08-14,19
El Dorado,"Diamond Springs, El Dorado",2020-08-14,26
El Dorado,El Dorado Hills,2020-08-14,192
El Dorado,Greater Placerville Area,2020-08-14,92
El Dorado,North County,2020-08-14,19
El Dorado,South County,2020-08-14,7
El Dorado,Tahoe Region,2020-08-14,388
El Dorado,"Cameron Park, Shingle Springs, Rescue",2020-08-13,82
El Dorado,"Camino, Pollock Pines, Kyburz",2020-08-13,18
El Dorado,"Diamond Springs, El Dorado",2020-08-13,26
El Dorado,El Dorado Hills,2020-08-13,178
El Dorado,Greater Placerville Area,2020-08-13,89
El Dorado,North County,2020-08-13,19
El Dorado,South County,2020-08-13,7
El Dorado,Tahoe Region,2020-08-13,383
El Dorado,"Cameron Park, Shingle Springs, Rescue",2020-08-12,82
El Dorado,"Camino, Pollock Pines, Kyburz",2020-08-12,18
El Dorado,"Diamond Springs, El Dorado",2020-08-12,26
El Dorado,El Dorado Hills,2020-08-12,176
El Dorado,Greater Placerville Area,2020-08-12,88
El Dorado,North County,2020-08-12,18
El Dorado,South County,2020-08-12,7
El Dorado,Tahoe Region,2020-08-12,378
El Dorado,"Cameron Park, Shingle Springs, Rescue",2020-08-11,82
El Dorado,"Camino, Pollock Pines, Kyburz",2020-08-11,18
El Dorado,"Diamond Springs, El Dorado",2020-08-11,26
El Dorado,El Dorado Hills,2020-08-11,174
El Dorado,Greater Placerville Area,2020-08-11,87
El Dorado,North County,2020-08-11,18
El Dorado,South County,2020-08-11,6
El Dorado,Tahoe Region,2020-08-11,374
El Dorado,"Cameron Park, Shingle Springs, Rescue",2020-08-10,78
El Dorado,"Camino, Pollock Pines, Kyburz",2020-08-10,18
El Dorado,"Diamond Springs, El Dorado",2020-08-10,25
El Dorado,El Dorado Hills,2020-08-10,165
El Dorado,Greater Placerville Area,2020-08-10,83
El Dorado,North County,2020-08-10,16
El Dorado,South County,2020-08-10,6
El Dorado,Tahoe Region,2020-08-10,364
El Dorado,"Cameron Park, Shingle Springs, Rescue",2020-08-07,76
El Dorado,"Camino, Pollock Pines, Kyburz",2020-08-07,17
El Dorado,"Diamond Springs, El Dorado",2020-08-07,25
El Dorado,El Dorado Hills,2020-08-07,162
El Dorado,Greater Placerville Area,2020-08-07,77
El Dorado,North County,2020-08-07,14
El Dorado,South County,2020-08-07,5
El Dorado,Tahoe Region,2020-08-07,353
El Dorado,"Cameron Park, Shingle Springs, Rescue",2020-08-06,73
El Dorado,"Camino, Pollock Pines, Kyburz",2020-08-06,17
El Dorado,"Diamond Springs, El Dorado",2020-08-06,25
El Dorado,El Dorado Hills,2020-08-06,157
El Dorado,Greater Placerville Area,2020-08-06,74
El Dorado,North County,2020-08-06,14
El Dorado,South County,2020-08-06,5
El Dorado,Tahoe Region,2020-08-06,351
El Dorado,"Cameron Park, Shingle Springs, Rescue",2020-08-05,73
El Dorado,"Camino, Pollock Pines, Kyburz",2020-08-05,17
El Dorado,"Diamond Springs, El Dorado",2020-08-05,25
El Dorado,El Dorado Hills,2020-08-05,157
El Dorado,Greater Placerville Area,2020-08-05,71
El Dorado,North County,2020-08-05,14
El Dorado,South County,2020-08-05,5
El Dorado,Tahoe Region,2020-08-05,340
El Dorado,"Cameron Park, Shingle Springs, Rescue",2020-08-04,71
El Dorado,"Camino, Pollock Pines, Kyburz",2020-08-04,17
El Dorado,"Diamond Springs, El Dorado",2020-08-04,26
El Dorado,El Dorado Hills,2020-08-04,147
El Dorado,Greater Placerville Area,2020-08-04,69
El Dorado,North County,2020-08-04,14
El Dorado,South County,2020-08-04,5
El Dorado,Tahoe Region,2020-08-04,319
El Dorado,"Cameron Park, Shingle Springs, Rescue",2020-07-31,68
El Dorado,"Camino, Pollock Pines, Kyburz",2020-07-31,15
El Dorado,"Diamond Springs, El Dorado",2020-07-31,25
El Dorado,El Dorado Hills,2020-07-31,139
El Dorado,Greater Placerville Area,2020-07-31,65
El Dorado,North County,2020-07-31,11
El Dorado,South County,2020-07-31,5
El Dorado,Tahoe Region,2020-07-31,309
El Dorado,"Cameron Park, Shingle Springs, Rescue",2020-07-30,66
El Dorado,"Camino, Pollock Pines, Kyburz",2020-07-30,15
El Dorado,"Diamond Springs, El Dorado",2020-07-30,25
El Dorado,El Dorado Hills,2020-07-30,134
El Dorado,Greater Placerville Area,2020-07-30,64
El Dorado,North County,2020-07-30,10
El Dorado,South County,2020-07-30,5
El Dorado,Tahoe Region,2020-07-30,294
El Dorado,"Cameron Park, Shingle Springs, Rescue",2020-07-29,61
El Dorado,"Camino, Pollock Pines, Kyburz",2020-07-29,14
El Dorado,"Diamond Springs, El Dorado",2020-07-29,24
El Dorado,El Dorado Hills,2020-07-29,130
El Dorado,Greater Placerville Area,2020-07-29,62
El Dorado,North County,2020-07-29,10
El Dorado,South County,2020-07-29,4
El Dorado,Tahoe Region,2020-07-29,284
El Dorado,"Cameron Park, Shingle Springs, Rescue",2020-07-28,61
El Dorado,"Camino, Pollock Pines, Kyburz",2020-07-28,11
El Dorado,"Diamond Springs, El Dorado",2020-07-28,23
El Dorado,El Dorado Hills,2020-07-28,129
El Dorado,Greater Placerville Area,2020-07-28,59
El Dorado,North County,2020-07-28,10
El Dorado,South County,2020-07-28,4
El Dorado,Tahoe Region,2020-07-28,282
El Dorado,"Cameron Park, Shingle Springs, Rescue",2020-07-27,59
El Dorado,"Camino, Pollock Pines, Kyburz",2020-07-27,11
El Dorado,"Diamond Springs, El Dorado",2020-07-27,23
El Dorado,El Dorado Hills,2020-07-27,125
El Dorado,Greater Placerville Area,2020-07-27,57
El Dorado,North County,2020-07-27,9
El Dorado,South County,2020-07-27,4
El Dorado,Tahoe Region,2020-07-27,267
El Dorado,"Cameron Park, Shingle Springs, Rescue",2020-07-24,51
El Dorado,"Camino, Pollock Pines, Kyburz",2020-07-24,10
El Dorado,"Diamond Springs, El Dorado",2020-07-24,23
El Dorado,El Dorado Hills,2020-07-24,114
El Dorado,Greater Placerville Area,2020-07-24,52
El Dorado,North County,2020-07-24,8
El Dorado,South County,2020-07-24,4
El Dorado,Tahoe Region,2020-07-24,251
El Dorado,"Cameron Park, Shingle Springs, Rescue",2020-07-23,53
El Dorado,"Camino, Pollock Pines, Kyburz",2020-07-23,10
El Dorado,"Diamond Springs, El Dorado",2020-07-23,23
El Dorado,El Dorado Hills,2020-07-23,113
El Dorado,Greater Placerville Area,2020-07-23,52
El Dorado,North County,2020-07-23,8
El Dorado,South County,2020-07-23,4
El Dorado,Tahoe Region,2020-07-23,245
El Dorado,"Cameron Park, Shingle Springs, Rescue",2020-07-22,48
El Dorado,"Camino, Pollock Pines, Kyburz",2020-07-22,10
El Dorado,"Diamond Springs, El Dorado",2020-07-22,23
El Dorado,El Dorado Hills,2020-07-22,109
El Dorado,Greater Placerville Area,2020-07-22,52
El Dorado,North County,2020-07-22,7
El Dorado,South County,2020-07-22,4
El Dorado,Tahoe Region,2020-07-22,233
El Dorado,"Cameron Park, Shingle Springs, Rescue",2020-07-21,42
El Dorado,"Camino, Pollock Pines, Kyburz",2020-07-21,10
El Dorado,"Diamond Springs, El Dorado",2020-07-21,23
El Dorado,El Dorado Hills,2020-07-21,106
El Dorado,Greater Placerville Area,2020-07-21,49
El Dorado,North County,2020-07-21,7
El Dorado,South County,2020-07-21,4
El Dorado,Tahoe Region,2020-07-21,223
El Dorado,"Cameron Park, Shingle Springs, Rescue",2020-07-20,41
El Dorado,"Camino, Pollock Pines, Kyburz",2020-07-20,9
El Dorado,"Diamond Springs, El Dorado",2020-07-20,23
El Dorado,El Dorado Hills,2020-07-20,102
El Dorado,Greater Placerville Area,2020-07-20,47
El Dorado,North County,2020-07-20,7
El Dorado,South County,2020-07-20,4
El Dorado,Tahoe Region,2020-07-20,210
El Dorado,"Cameron Park, Shingle Springs, Rescue",2020-07-17,37
El Dorado,"Camino, Pollock Pines, Kyburz",2020-07-17,6
El Dorado,"Diamond Springs, El Dorado",2020-07-17,21
El Dorado,El Dorado Hills,2020-07-17,81
El Dorado,Greater Placerville Area,2020-07-17,40
El Dorado,North County,2020-07-17,7
El Dorado,South County,2020-07-17,4
El Dorado,Tahoe Region,2020-07-17,198
El Dorado,"Cameron Park, Shingle Springs, Rescue",2020-07-16,36
El Dorado,"Camino, Pollock Pines, Kyburz",2020-07-16,6
El Dorado,"Diamond Springs, El Dorado",2020-07-16,21
El Dorado,El Dorado Hills,2020-07-16,80
El Dorado,Greater Placerville Area,2020-07-16,40
El Dorado,North County,2020-07-16,6
El Dorado,South County,2020-07-16,4
El Dorado,Tahoe Region,2020-07-16,188
El Dorado,"Cameron Park, Shingle Springs, Rescue",2020-07-15,33
El Dorado,"Camino, Pollock Pines, Kyburz",2020-07-15,6
El Dorado,"Diamond Springs, El Dorado",2020-07-15,21
El Dorado,El Dorado Hills,2020-07-15,76
El Dorado,Greater Placerville Area,2020-07-15,38
El Dorado,North County,2020-07-15,6
El Dorado,South County,2020-07-15,4
El Dorado,Tahoe Region,2020-07-15,179
El Dorado,"Cameron Park, Shingle Springs, Rescue",2020-07-14,32
El Dorado,"Camino, Pollock Pines, Kyburz",2020-07-14,6
El Dorado,"Diamond Springs, El Dorado",2020-07-14,21
El Dorado,El Dorado Hills,2020-07-14,73
El Dorado,Greater Placerville Area,2020-07-14,38
El Dorado,North County,2020-07-14,6
El Dorado,South County,2020-07-14,4
El Dorado,Tahoe Region,2020-07-14,170
El Dorado,"Cameron Park, Shingle Springs, Rescue",2020-07-13,32
El Dorado,"Camino, Pollock Pines, Kyburz",2020-07-13,6
El Dorado,"Diamond Springs, El Dorado",2020-07-13,21
El Dorado,El Dorado Hills,2020-07-13,70
El Dorado,Greater Placerville Area,2020-07-13,35
El Dorado,North County,2020-07-13,5
El Dorado,South County,2020-07-13,4
El Dorado,Tahoe Region,2020-07-13,164
El Dorado,"Cameron Park, Shingle Springs, Rescue",2020-07-10,29
El Dorado,"Camino, Pollock Pines, Kyburz",2020-07-10,6
El Dorado,"Diamond Springs, El Dorado",2020-07-10,18
El Dorado,El Dorado Hills,2020-07-10,67
El Dorado,Greater Placerville Area,2020-07-10,30
El Dorado,North County,2020-07-10,4
El Dorado,South County,2020-07-10,4
El Dorado,Tahoe Region,2020-07-10,149
El Dorado,"Cameron Park, Shingle Springs, Rescue",2020-07-09,27
El Dorado,"Camino, Pollock Pines, Kyburz",2020-07-09,6
El Dorado,"Diamond Springs, El Dorado",2020-07-09,18
El Dorado,El Dorado Hills,2020-07-09,64
El Dorado,Greater Placerville Area,2020-07-09,27
El Dorado,North County,2020-07-09,4
El Dorado,South County,2020-07-09,4
El Dorado,Tahoe Region,2020-07-09,142
El Dorado,"Cameron Park, Shingle Springs, Rescue",2020-07-08,25
El Dorado,"Camino, Pollock Pines, Kyburz",2020-07-08,5
El Dorado,"Diamond Springs, El Dorado",2020-07-08,18
El Dorado,El Dorado Hills,2020-07-08,62
El Dorado,Greater Placerville Area,2020-07-08,25
El Dorado,North County,2020-07-08,4
El Dorado,South County,2020-07-08,4
El Dorado,Tahoe Region,2020-07-08,137
El Dorado,"Cameron Park, Shingle Springs, Rescue",2020-07-07,22
El Dorado,"Camino, Pollock Pines, Kyburz",2020-07-07,5
El Dorado,"Diamond Springs, El Dorado",2020-07-07,18
El Dorado,El Dorado Hills,2020-07-07,55
El Dorado,Greater Placerville Area,2020-07-07,24
El Dorado,North County,2020-07-07,4
El Dorado,South County,2020-07-07,4
El Dorado,Tahoe Region,2020-07-07,132
El Dorado,"Cameron Park, Shingle Springs, Rescue",2020-07-06,21
El Dorado,"Camino, Pollock Pines, Kyburz",2020-07-06,5
El Dorado,"Diamond Springs, El Dorado",2020-07-06,18
El Dorado,El Dorado Hills,2020-07-06,55
El Dorado,Greater Placerville Area,2020-07-06,25
El Dorado,North County,2020-07-06,4
El Dorado,South County,2020-07-06,4
El Dorado,Tahoe Region,2020-07-06,130
El Dorado,"Cameron Park, Shingle Springs, Rescue",2020-07-03,18
El Dorado,"Camino, Pollock Pines, Kyburz",2020-07-03,3
El Dorado,"Diamond Springs, El Dorado",2020-07-03,16
El Dorado,El Dorado Hills,2020-07-03,48
El Dorado,Greater Placerville Area,2020-07-03,21
El Dorado,North County,2020-07-03,3
El Dorado,South County,2020-07-03,4
El Dorado,Tahoe Region,2020-07-03,112
El Dorado,"Cameron Park, Shingle Springs, Rescue",2020-07-02,16
El Dorado,"Camino, Pollock Pines, Kyburz",2020-07-02,3
El Dorado,"Diamond Springs, El Dorado",2020-07-02,15
El Dorado,El Dorado Hills,2020-07-02,44
El Dorado,Greater Placerville Area,2020-07-02,19
El Dorado,North County,2020-07-02,3
El Dorado,South County,2020-07-02,4
El Dorado,Tahoe Region,2020-07-02,101
El Dorado,"Cameron Park, Shingle Springs, Rescue",2020-07-01,15
El Dorado,"Camino, Pollock Pines, Kyburz",2020-07-01,3
El Dorado,"Diamond Springs, El Dorado",2020-07-01,14
El Dorado,El Dorado Hills,2020-07-01,42
El Dorado,Greater Placerville Area,2020-07-01,19
El Dorado,North County,2020-07-01,3
El Dorado,South County,2020-07-01,4
El Dorado,Tahoe Region,2020-07-01,98
El Dorado,"Cameron Park, Shingle Springs, Rescue",2020-06-30,14
El Dorado,"Camino, Pollock Pines, Kyburz",2020-06-30,2
El Dorado,"Diamond Springs, El Dorado",2020-06-30,13
El Dorado,El Dorado Hills,2020-06-30,39
El Dorado,Greater Placerville Area,2020-06-30,16
El Dorado,North County,2020-06-30,3
El Dorado,South County,2020-06-30,4
El Dorado,Tahoe Region,2020-06-30,93
El Dorado,"Cameron Park, Shingle Springs, Rescue",2020-06-29,13
El Dorado,"Camino, Pollock Pines, Kyburz",2020-06-29,2
El Dorado,"Diamond Springs, El Dorado",2020-06-29,13
El Dorado,El Dorado Hills,2020-06-29,39
El Dorado,Greater Placerville Area,2020-06-29,16
El Dorado,North County,2020-06-29,3
El Dorado,South County,2020-06-29,4
El Dorado,Tahoe Region,2020-06-29,88
El Dorado,"Cameron Park, Shingle Springs, Rescue",2020-06-25,14
El Dorado,"Camino, Pollock Pines, Kyburz",2020-06-25,2
El Dorado,"Diamond Springs, El Dorado",2020-06-25,11
El Dorado,El Dorado Hills,2020-06-25,33
El Dorado,Greater Placerville Area,2020-06-25,11
El Dorado,North County,2020-06-25,3
El Dorado,South County,2020-06-25,4
El Dorado,Tahoe Region,2020-06-25,80
El Dorado,"Cameron Park, Shingle Springs, Rescue",2020-06-24,12
El Dorado,"Camino, Pollock Pines, Kyburz",2020-06-24,2
El Dorado,"Diamond Springs, El Dorado",2020-06-24,11
El Dorado,El Dorado Hills,2020-06-24,31
El Dorado,Greater Placerville Area,2020-06-24,11
El Dorado,North County,2020-06-24,3
El Dorado,South County,2020-06-24,4
El Dorado,Tahoe Region,2020-06-24,79
El Dorado,"Cameron Park, Shingle Springs, Rescue",2020-06-23,12
El Dorado,"Camino, Pollock Pines, Kyburz",2020-06-23,2
El Dorado,"Diamond Springs, El Dorado",2020-06-23,11
El Dorado,El Dorado Hills,2020-06-23,29
El Dorado,Greater Placerville Area,2020-06-23,11
El Dorado,North County,2020-06-23,3
El Dorado,South County,2020-06-23,4
El Dorado,Tahoe Region,2020-06-23,78
El Dorado,"Cameron Park, Shingle Springs, Rescue",2020-06-22,10
El Dorado,"Camino, Pollock Pines, Kyburz",2020-06-22,2
El Dorado,"Diamond Springs, El Dorado",2020-06-22,11
El Dorado,El Dorado Hills,2020-06-22,29
El Dorado,Greater Placerville Area,2020-06-22,11
El Dorado,North County,2020-06-22,3
El Dorado,South County,2020-06-22,4
El Dorado,Tahoe Region,2020-06-22,75
El Dorado,"Cameron Park, Shingle Springs, Rescue",2020-06-19,8
El Dorado,"Camino, Pollock Pines, Kyburz",2020-06-19,2
El Dorado,"Diamond Springs, El Dorado",2020-06-19,11
El Dorado,El Dorado Hills,2020-06-19,28
El Dorado,Greater Placerville Area,2020-06-19,8
El Dorado,North County,2020-06-19,3
El Dorado,South County,2020-06-19,4
El Dorado,Tahoe Region,2020-06-19,66
El Dorado,"Cameron Park, Shingle Springs, Rescue",2020-06-18,8
El Dorado,"Camino, Pollock Pines, Kyburz",2020-06-18,2
El Dorado,"Diamond Springs, El Dorado",2020-06-18,11
El Dorado,El Dorado Hills,2020-06-18,28
El Dorado,Greater Placerville Area,2020-06-18,7
El Dorado,North County,2020-06-18,3
El Dorado,South County,2020-06-18,4
El Dorado,Tahoe Region,2020-06-18,62
El Dorado,"Cameron Park, Shingle Springs, Rescue",2020-06-17,8
El Dorado,"Camino, Pollock Pines, Kyburz",2020-06-17,2
El Dorado,"Diamond Springs, El Dorado",2020-06-17,11
El Dorado,El Dorado Hills,2020-06-17,28
El Dorado,Greater Placerville Area,2020-06-17,7
El Dorado,North County,2020-06-17,3
El Dorado,South County,2020-06-17,4
El Dorado,Tahoe Region,2020-06-17,58
El Dorado,"Cameron Park, Shingle Springs, Rescue",2020-06-16,8
El Dorado,"Camino, Pollock Pines, Kyburz",2020-06-16,2
El Dorado,"Diamond Springs, El Dorado",2020-06-16,11
El Dorado,El Dorado Hills,2020-06-16,26
El Dorado,Greater Placerville Area,2020-06-16,7
El Dorado,North County,2020-06-16,3
El Dorado,South County,2020-06-16,4
El Dorado,Tahoe Region,2020-06-16,57
El Dorado,"Cameron Park, Shingle Springs, Rescue",2020-06-15,8
El Dorado,"Camino, Pollock Pines, Kyburz",2020-06-15,2
El Dorado,"Diamond Springs, El Dorado",2020-06-15,11
El Dorado,El Dorado Hills,2020-06-15,26
El Dorado,Greater Placerville Area,2020-06-15,7
El Dorado,North County,2020-06-15,3
El Dorado,South County,2020-06-15,4
El Dorado,Tahoe Region,2020-06-15,56
El Dorado,"Cameron Park, Shingle Springs, Rescue",2020-06-12,8
El Dorado,"Camino, Pollock Pines, Kyburz",2020-06-12,2
El Dorado,"Diamond Springs, El Dorado",2020-06-12,11
El Dorado,El Dorado Hills,2020-06-12,24
El Dorado,Greater Placerville Area,2020-06-12,7
El Dorado,North County,2020-06-12,3
El Dorado,South County,2020-06-12,4
El Dorado,Tahoe Region,2020-06-12,54
El Dorado,"Cameron Park, Shingle Springs, Rescue",2020-06-11,8
El Dorado,"Camino, Pollock Pines, Kyburz",2020-06-11,2
El Dorado,"Diamond Springs, El Dorado",2020-06-11,11
El Dorado,El Dorado Hills,2020-06-11,24
El Dorado,Greater Placerville Area,2020-06-11,7
El Dorado,North County,2020-06-11,3
El Dorado,South County,2020-06-11,4
El Dorado,Tahoe Region,2020-06-11,52
El Dorado,"Cameron Park, Shingle Springs, Rescue",2020-06-10,8
El Dorado,"Camino, Pollock Pines, Kyburz",2020-06-10,2
El Dorado,"Diamond Springs, El Dorado",2020-06-10,11
El Dorado,El Dorado Hills,2020-06-10,24
El Dorado,Greater Placerville Area,2020-06-10,7
El Dorado,North County,2020-06-10,3
El Dorado,South County,2020-06-10,4
El Dorado,Tahoe Region,2020-06-10,52
El Dorado,"Cameron Park, Shingle Springs, Rescue",2020-06-09,8
El Dorado,"Camino, Pollock Pines, Kyburz",2020-06-09,2
El Dorado,"Diamond Springs, El Dorado",2020-06-09,11
El Dorado,El Dorado Hills,2020-06-09,24
El Dorado,Greater Placerville Area,2020-06-09,7
El Dorado,North County,2020-06-09,3
El Dorado,South County,2020-06-09,4
El Dorado,Tahoe Region,2020-06-09,52
El Dorado,"Cameron Park, Shingle Springs, Rescue",2020-06-08,8
El Dorado,"Camino, Pollock Pines, Kyburz",2020-06-08,2
El Dorado,"Diamond Springs, El Dorado",2020-06-08,11
El Dorado,El Dorado Hills,2020-06-08,24
El Dorado,Greater Placerville Area,2020-06-08,7
El Dorado,North County,2020-06-08,3
El Dorado,South County,2020-06-08,4
El Dorado,Tahoe Region,2020-06-08,50
El Dorado,"Cameron Park, Shingle Springs, Rescue",2020-06-05,8
El Dorado,"Camino, Pollock Pines, Kyburz",2020-06-05,2
El Dorado,"Diamond Springs, El Dorado",2020-06-05,11
El Dorado,El Dorado Hills,2020-06-05,23
El Dorado,Greater Placerville Area,2020-06-05,7
El Dorado,North County,2020-06-05,3
El Dorado,South County,2020-06-05,4
El Dorado,Tahoe Region,2020-06-05,48
El Dorado,"Cameron Park, Shingle Springs, Rescue",2020-06-04,8
El Dorado,"Camino, Pollock Pines, Kyburz",2020-06-04,2
El Dorado,"Diamond Springs, El Dorado",2020-06-04,11
El Dorado,El Dorado Hills,2020-06-04,22
El Dorado,Greater Placerville Area,2020-06-04,7
El Dorado,North County,2020-06-04,3
El Dorado,South County,2020-06-04,4
El Dorado,Tahoe Region,2020-06-04,45
El Dorado,"Cameron Park, Shingle Springs, Rescue",2020-06-03,8
El Dorado,"Camino, Pollock Pines, Kyburz",2020-06-03,2
El Dorado,"Diamond Springs, El Dorado",2020-06-03,11
El Dorado,El Dorado Hills,2020-06-03,21
El Dorado,Greater Placerville Area,2020-06-03,7
El Dorado,North County,2020-06-03,3
El Dorado,South County,2020-06-03,4
El Dorado,Tahoe Region,2020-06-03,42
El Dorado,"Cameron Park, Shingle Springs, Rescue",2020-06-02,8
El Dorado,"Camino, Pollock Pines, Kyburz",2020-06-02,2
El Dorado,"Diamond Springs, El Dorado",2020-06-02,11
El Dorado,El Dorado Hills,2020-06-02,20
El Dorado,Greater Placerville Area,2020-06-02,7
El Dorado,North County,2020-06-02,3
El Dorado,South County,2020-06-02,4
El Dorado,Tahoe Region,2020-06-02,41
El Dorado,"Cameron Park, Shingle Springs, Rescue",2020-06-01,8
El Dorado,"Camino, Pollock Pines, Kyburz",2020-06-01,2
El Dorado,"Diamond Springs, El Dorado",2020-06-01,11
El Dorado,El Dorado Hills,2020-06-01,20
El Dorado,Greater Placerville Area,2020-06-01,7
El Dorado,North County,2020-06-01,3
El Dorado,South County,2020-06-01,4
El Dorado,Tahoe Region,2020-06-01,41
El Dorado,"Cameron Park, Shingle Springs, Rescue",2020-05-29,7
El Dorado,"Camino, Pollock Pines, Kyburz",2020-05-29,2
El Dorado,"Diamond Springs, El Dorado",2020-05-29,11
El Dorado,El Dorado Hills,2020-05-29,20
El Dorado,Greater Placerville Area,2020-05-29,7
El Dorado,North County,2020-05-29,3
El Dorado,South County,2020-05-29,4
El Dorado,Tahoe Region,2020-05-29,36
El Dorado,"Cameron Park, Shingle Springs, Rescue",2020-05-28,7
El Dorado,"Camino, Pollock Pines, Kyburz",2020-05-28,2
El Dorado,"Diamond Springs, El Dorado",2020-05-28,11
El Dorado,El Dorado Hills,2020-05-28,20
El Dorado,Greater Placerville Area,2020-05-28,7
El Dorado,North County,2020-05-28,3
El Dorado,South County,2020-05-28,4
El Dorado,Tahoe Region,2020-05-28,30
El Dorado,"Cameron Park, Shingle Springs, Rescue",2020-05-27,7
El Dorado,"Camino, Pollock Pines, Kyburz",2020-05-27,2
El Dorado,"Diamond Springs, El Dorado",2020-05-27,11
El Dorado,El Dorado Hills,2020-05-27,19
El Dorado,Greater Placerville Area,2020-05-27,7
El Dorado,North County,2020-05-27,3
El Dorado,South County,2020-05-27,4
El Dorado,Tahoe Region,2020-05-27,28
El Dorado,"Cameron Park, Shingle Springs, Rescue",2020-05-26,7
El Dorado,"Camino, Pollock Pines, Kyburz",2020-05-26,2
El Dorado,"Diamond Springs, El Dorado",2020-05-26,10
El Dorado,El Dorado Hills,2020-05-26,19
El Dorado,Greater Placerville Area,2020-05-26,7
El Dorado,North County,2020-05-26,3
El Dorado,South County,2020-05-26,4
El Dorado,Tahoe Region,2020-05-26,28
El Dorado,"Cameron Park, Shingle Springs, Rescue",2020-05-25,7
El Dorado,"Camino, Pollock Pines, Kyburz",2020-05-25,2
El Dorado,"Diamond Springs, El Dorado",2020-05-25,10
El Dorado,El Dorado Hills,2020-05-25,19
El Dorado,Greater Placerville Area,2020-05-25,6
El Dorado,North County,2020-05-25,3
El Dorado,South County,2020-05-25,4
El Dorado,Tahoe Region,2020-05-25,27
El Dorado,"Cameron Park, Shingle Springs, Rescue",2020-05-22,6
El Dorado,"Camino, Pollock Pines, Kyburz",2020-05-22,2
El Dorado,"Diamond Springs, El Dorado",2020-05-22,10
El Dorado,El Dorado Hills,2020-05-22,19
El Dorado,Greater Placerville Area,2020-05-22,5
El Dorado,North County,2020-05-22,3
El Dorado,South County,2020-05-22,4
El Dorado,Tahoe Region,2020-05-22,25
El Dorado,"Cameron Park, Shingle Springs, Rescue",2020-05-21,6
El Dorado,"Camino, Pollock Pines, Kyburz",2020-05-21,2
El Dorado,"Diamond Springs, El Dorado",2020-05-21,3
El Dorado,El Dorado Hills,2020-05-21,19
El Dorado,Greater Placerville Area,2020-05-21,5
El Dorado,North County,2020-05-21,3
El Dorado,South County,2020-05-21,4
El Dorado,Tahoe Region,2020-05-21,25
El Dorado,"Cameron Park, Shingle Springs, Rescue",2020-05-15,6
El Dorado,"Camino, Pollock Pines, Kyburz",2020-05-15,2
El Dorado,"Diamond Springs, El Dorado",2020-05-15,3
El Dorado,El Dorado Hills,2020-05-15,19
El Dorado,Greater Placerville Area,2020-05-15,5
El Dorado,North County,2020-05-15,3
El Dorado,South County,2020-05-15,4
El Dorado,Tahoe Region,2020-05-15,22
El Dorado,"Cameron Park, Shingle Springs, Rescue",2020-05-14,6
El Dorado,"Camino, Pollock Pines, Kyburz",2020-05-14,2
El Dorado,"Diamond Springs, El Dorado",2020-05-14,3
El Dorado,El Dorado Hills,2020-05-14,19
El Dorado,Greater Placerville Area,2020-05-14,5
El Dorado,North County,2020-05-14,3
El Dorado,South County,2020-05-14,4
El Dorado,Tahoe Region,2020-05-14,20
El Dorado,"Cameron Park, Shingle Springs, Rescue",2020-05-13,6
El Dorado,"Camino, Pollock Pines, Kyburz",2020-05-13,2
El Dorado,"Diamond Springs, El Dorado",2020-05-13,1
El Dorado,El Dorado Hills,2020-05-13,19
El Dorado,Greater Placerville Area,2020-05-13,5
El Dorado,North County,2020-05-13,3
El Dorado,South County,2020-05-13,4
El Dorado,Tahoe Region,2020-05-13,20
El Dorado,"Cameron Park, Shingle Springs, Rescue",2020-05-12,6
El Dorado,"Camino, Pollock Pines, Kyburz",2020-05-12,2
El Dorado,"Diamond Springs, El Dorado",2020-05-12,1
El Dorado,El Dorado Hills,2020-05-12,19
El Dorado,Greater Placerville Area,2020-05-12,5
El Dorado,North County,2020-05-12,3
El Dorado,South County,2020-05-12,4
El Dorado,Tahoe Region,2020-05-12,20
El Dorado,"Cameron Park, Shingle Springs, Rescue",2020-05-11,6
El Dorado,"Camino, Pollock Pines, Kyburz",2020-05-11,1
El Dorado,"Diamond Springs, El Dorado",2020-05-11,0
El Dorado,El Dorado Hills,2020-05-11,19
El Dorado,Greater Placerville Area,2020-05-11,5
El Dorado,North County,2020-05-11,2
El Dorado,South County,2020-05-11,3
El Dorado,Tahoe Region,2020-05-11,20
El Dorado,"Cameron Park, Shingle Springs, Rescue",2020-05-08,6
El Dorado,"Camino, Pollock Pines, Kyburz",2020-05-08,1
El Dorado,"Diamond Springs, El Dorado",2020-05-08,0
El Dorado,El Dorado Hills,2020-05-08,19
El Dorado,Greater Placerville Area,2020-05-08,5
El Dorado,North County,2020-05-08,2
El Dorado,South County,2020-05-08,1
El Dorado,Tahoe Region,2020-05-08,20
El Dorado,"Cameron Park, Shingle Springs, Rescue",2020-05-07,6
El Dorado,"Camino, Pollock Pines, Kyburz",2020-05-07,1
El Dorado,"Diamond Springs, El Dorado",2020-05-07,0
El Dorado,El Dorado Hills,2020-05-07,19
El Dorado,Greater Placerville Area,2020-05-07,5
El Dorado,North County,2020-05-07,2
El Dorado,South County,2020-05-07,1
El Dorado,Tahoe Region,2020-05-07,20
El Dorado,"Cameron Park, Shingle Springs, Rescue",2020-05-06,6
El Dorado,"Camino, Pollock Pines, Kyburz",2020-05-06,1
El Dorado,"Diamond Springs, El Dorado",2020-05-06,0
El Dorado,El Dorado Hills,2020-05-06,19
El Dorado,Greater Placerville Area,2020-05-06,5
El Dorado,North County,2020-05-06,2
El Dorado,South County,2020-05-06,1
El Dorado,Tahoe Region,2020-05-06,20
El Dorado,"Cameron Park, Shingle Springs, Rescue",2020-05-05,5
El Dorado,"Camino, Pollock Pines, Kyburz",2020-05-05,1
El Dorado,"Diamond Springs, El Dorado",2020-05-05,0
El Dorado,El Dorado Hills,2020-05-05,19
El Dorado,Greater Placerville Area,2020-05-05,5
El Dorado,North County,2020-05-05,2
El Dorado,South County,2020-05-05,1
El Dorado,Tahoe Region,2020-05-05,20
El Dorado,"Cameron Park, Shingle Springs, Rescue",2020-05-04,5
El Dorado,"Camino, Pollock Pines, Kyburz",2020-05-04,1
El Dorado,"Diamond Springs, El Dorado",2020-05-04,0
El Dorado,El Dorado Hills,2020-05-04,19
El Dorado,Greater Placerville Area,2020-05-04,5
El Dorado,North County,2020-05-04,2
El Dorado,South County,2020-05-04,1
El Dorado,Tahoe Region,2020-05-04,20
El Dorado,"Cameron Park, Shingle Springs, Rescue",2020-05-01,4
El Dorado,"Camino, Pollock Pines, Kyburz",2020-05-01,1
El Dorado,"Diamond Springs, El Dorado",2020-05-01,0
El Dorado,El Dorado Hills,2020-05-01,18
El Dorado,Greater Placerville Area,2020-05-01,5
El Dorado,North County,2020-05-01,2
El Dorado,South County,2020-05-01,1
El Dorado,Tahoe Region,2020-05-01,16
El Dorado,"Cameron Park, Shingle Springs, Rescue",2020-04-30,4
El Dorado,"Camino, Pollock Pines, Kyburz",2020-04-30,1
El Dorado,"Diamond Springs, El Dorado",2020-04-30,0
El Dorado,El Dorado Hills,2020-04-30,16
El Dorado,Greater Placerville Area,2020-04-30,5
El Dorado,North County,2020-04-30,2
El Dorado,South County,2020-04-30,1
El Dorado,Tahoe Region,2020-04-30,15
El Dorado,"Cameron Park, Shingle Springs, Rescue",2020-04-28,4
El Dorado,"Camino, Pollock Pines, Kyburz",2020-04-28,1
El Dorado,"Diamond Springs, El Dorado",2020-04-28,0
El Dorado,El Dorado Hills,2020-04-28,16
El Dorado,Greater Placerville Area,2020-04-28,5
El Dorado,North County,2020-04-28,2
El Dorado,South County,2020-04-28,1
El Dorado,Tahoe Region,2020-04-28,15
El Dorado,"Cameron Park, Shingle Springs, Rescue",2020-04-27,4
El Dorado,"Camino, Pollock Pines, Kyburz",2020-04-27,1
El Dorado,"Diamond Springs, El Dorado",2020-04-27,0
El Dorado,El Dorado Hills,2020-04-27,16
El Dorado,Greater Placerville Area,2020-04-27,5
El Dorado,North County,2020-04-27,2
El Dorado,South County,2020-04-27,0
El Dorado,Tahoe Region,2020-04-27,15
El Dorado,"Cameron Park, Shingle Springs, Rescue",2020-04-24,4
El Dorado,"Camino, Pollock Pines, Kyburz",2020-04-24,1
El Dorado,"Diamond Springs, El Dorado",2020-04-24,0
El Dorado,El Dorado Hills,2020-04-24,16
El Dorado,Greater Placerville Area,2020-04-24,5
El Dorado,North County,2020-04-24,2
El Dorado,South County,2020-04-24,0
El Dorado,Tahoe Region,2020-04-24,14
El Dorado,"Cameron Park, Shingle Springs, Rescue",2020-04-23,3
El Dorado,"Camino, Pollock Pines, Kyburz",2020-04-23,1
El Dorado,"Diamond Springs, El Dorado",2020-04-23,0
El Dorado,El Dorado Hills,2020-04-23,15
El Dorado,Greater Placerville Area,2020-04-23,5
El Dorado,North County,2020-04-23,2
El Dorado,South County,2020-04-23,0
El Dorado,Tahoe Region,2020-04-23,14
El Dorado,"Cameron Park, Shingle Springs, Rescue",2020-04-21,3
El Dorado,"Camino, Pollock Pines, Kyburz",2020-04-21,1
El Dorado,"Diamond Springs, El Dorado",2020-04-21,0
El Dorado,El Dorado Hills,2020-04-21,15
El Dorado,Greater Placerville Area,2020-04-21,5
El Dorado,North County,2020-04-21,2
El Dorado,South County,2020-04-21,0
El Dorado,Tahoe Region,2020-04-21,13
El Dorado,"Cameron Park, Shingle Springs, Rescue",2020-04-20,3
El Dorado,"Camino, Pollock Pines, Kyburz",2020-04-20,1
El Dorado,"Diamond Springs, El Dorado",2020-04-20,0
El Dorado,El Dorado Hills,2020-04-20,14
El Dorado,Greater Placerville Area,2020-04-20,5
El Dorado,North County,2020-04-20,2
El Dorado,South County,2020-04-20,0
El Dorado,Tahoe Region,2020-04-20,13
El Dorado,"Cameron Park, Shingle Springs, Rescue",2020-04-17,3
El Dorado,"Camino, Pollock Pines, Kyburz",2020-04-17,1
El Dorado,"Diamond Springs, El Dorado",2020-04-17,0
El Dorado,El Dorado Hills,2020-04-17,14
El Dorado,Greater Placerville Area,2020-04-17,5
El Dorado,North County,2020-04-17,2
El Dorado,South County,2020-04-17,0
El Dorado,Tahoe Region,2020-04-17,11
El Dorado,"Cameron Park, Shingle Springs, Rescue",2020-04-16,3
El Dorado,"Camino, Pollock Pines, Kyburz",2020-04-16,0
El Dorado,"Diamond Springs, El Dorado",2020-04-16,0
El Dorado,El Dorado Hills,2020-04-16,14
El Dorado,Greater Placerville Area,2020-04-16,5
El Dorado,North County,2020-04-16,2
El Dorado,South County,2020-04-16,0
El Dorado,Tahoe Region,2020-04-16,11
El Dorado,"Cameron Park, Shingle Springs, Rescue",2020-04-15,3
El Dorado,"Camino, Pollock Pines, Kyburz",2020-04-15,0
El Dorado,"Diamond Springs, El Dorado",2020-04-15,0
El Dorado,El Dorado Hills,2020-04-15,14
El Dorado,Greater Placerville Area,2020-04-15,5
El Dorado,North County,2020-04-15,2
El Dorado,South County,2020-04-15,0
El Dorado,Tahoe Region,2020-04-15,11
El Dorado,"Cameron Park, Shingle Springs, Rescue",2020-04-14,3
El Dorado,"Camino, Pollock Pines, Kyburz",2020-04-14,0
El Dorado,"Diamond Springs, El Dorado",2020-04-14,0
El Dorado,El Dorado Hills,2020-04-14,14
El Dorado,Greater Placerville Area,2020-04-14,5
El Dorado,North County,2020-04-14,2
El Dorado,South County,2020-04-14,0
El Dorado,Tahoe Region,2020-04-14,11
El Dorado,"Cameron Park, Shingle Springs, Rescue",2020-04-13,3
El Dorado,"Camino, Pollock Pines, Kyburz",2020-04-13,0
El Dorado,"Diamond Springs, El Dorado",2020-04-13,0
El Dorado,El Dorado Hills,2020-04-13,14
El Dorado,Greater Placerville Area,2020-04-13,5
El Dorado,North County,2020-04-13,2
El Dorado,South County,2020-04-13,0
El Dorado,Tahoe Region,2020-04-13,10
El Dorado,"Cameron Park, Shingle Springs, Rescue",2020-04-10,3
El Dorado,"Camino, Pollock Pines, Kyburz",2020-04-10,0
El Dorado,"Diamond Springs, El Dorado",2020-04-10,0
El Dorado,El Dorado Hills,2020-04-10,13
El Dorado,Greater Placerville Area,2020-04-10,5
El Dorado,North County,2020-04-10,2
El Dorado,South County,2020-04-10,0
El Dorado,Tahoe Region,2020-04-10,9
El Dorado,"Cameron Park, Shingle Springs, Rescue",2020-04-09,3
El Dorado,"Camino, Pollock Pines, Kyburz",2020-04-09,0
El Dorado,"Diamond Springs, El Dorado",2020-04-09,0
El Dorado,El Dorado Hills,2020-04-09,11
El Dorado,Greater Placerville Area,2020-04-09,5
El Dorado,North County,2020-04-09,2
El Dorado,South County,2020-04-09,0
El Dorado,Tahoe Region,2020-04-09,9
El Dorado,"Cameron Park, Shingle Springs, Rescue",2020-04-08,3
El Dorado,"Camino, Pollock Pines, Kyburz",2020-04-08,0
El Dorado,"Diamond Springs, El Dorado",2020-04-08,0
El Dorado,El Dorado Hills,2020-04-08,10
El Dorado,Greater Placerville Area,2020-04-08,5
El Dorado,North County,2020-04-08,2
El Dorado,South County,2020-04-08,0
El Dorado,Tahoe Region,2020-04-08,9
El Dorado,"Cameron Park, Shingle Springs, Rescue",2020-04-07,3
El Dorado,"Camino, Pollock Pines, Kyburz",2020-04-07,0
El Dorado,"Diamond Springs, El Dorado",2020-04-07,0
El Dorado,El Dorado Hills,2020-04-07,10
El Dorado,Greater Placerville Area,2020-04-07,4
El Dorado,North County,2020-04-07,2
El Dorado,South County,2020-04-07,0
El Dorado,Tahoe Region,2020-04-07,9
El Dorado,"Cameron Park, Shingle Springs, Rescue",2020-04-06,3
El Dorado,"Camino, Pollock Pines, Kyburz",2020-04-06,0
El Dorado,"Diamond Springs, El Dorado",2020-04-06,0
El Dorado,El Dorado Hills,2020-04-06,7
El Dorado,Greater Placerville Area,2020-04-06,3
El Dorado,North County,2020-04-06,2
El Dorado,South County,2020-04-06,0
El Dorado,Tahoe Region,2020-04-06,10
El Dorado,"Cameron Park, Shingle Springs, Rescue",2020-04-03,3
El Dorado,"Camino, Pollock Pines, Kyburz",2020-04-03,0
El Dorado,"Diamond Springs, El Dorado",2020-04-03,0
El Dorado,El Dorado Hills,2020-04-03,5
El Dorado,Greater Placerville Area,2020-04-03,3
El Dorado,North County,2020-04-03,2
El Dorado,South County,2020-04-03,0
El Dorado,Tahoe Region,2020-04-03,9
